store,animal,category,brand,product_title,normal_price,sale_price,sale,age_group,product_page_url,image_url
Pets place,Knaagdier,Konijnenvoer,Supreme,Supreme Science Selective Rabbit - Konijnenvoer - 10+1 kg,"47,99","47,99",0,Konijn,https://www.petsplace.nl/supreme-science-selective-rabbit-konijnenvoer-m-5015622204403-pps,https://cdn.petsplace.nl/media/mf_webp/jpg/media/catalog/product/cache/51683dc2574b5d5c6b813bcbcc9e3c67/1/0/3003_10053940_1.webp
Pets place,Knaagdier,Konijnenvoer,Supreme,Supreme Science Selective Rabbit - Konijnenvoer - 1.5 kg,"12,69","12,69",0,Konijn,https://www.petsplace.nl/supreme-science-selective-rabbit-konijnenvoer-m-5015622204403-pps,https://cdn.petsplace.nl/media/mf_webp/jpg/media/catalog/product/cache/51683dc2574b5d5c6b813bcbcc9e3c67/3/0/3842_300136_1.webp
Pets place,Knaagdier,Konijnenvoer,Supreme,Supreme Science Selective Rabbit - Konijnenvoer - 3 kg,"21,65","21,65",0,Konijn,https://www.petsplace.nl/supreme-science-selective-rabbit-konijnenvoer-m-5015622204403-pps,https://cdn.petsplace.nl/media/mf_webp/jpg/media/catalog/product/cache/51683dc2574b5d5c6b813bcbcc9e3c67/5/3/3012_530109_1.webp
Pets place,Knaagdier,Konijnenvoer,Supreme,Supreme Science Selective Rabbit - Konijnenvoer - 5 kg,"28,89","28,89",0,Konijn,https://www.petsplace.nl/supreme-science-selective-rabbit-konijnenvoer-m-5015622204403-pps,https://cdn.petsplace.nl/media/mf_webp/jpg/media/catalog/product/cache/51683dc2574b5d5c6b813bcbcc9e3c67/3/0/6082_300149_1.webp
Pets place,Knaagdier,Konijnenvoer,Supreme,Supreme Science Selective Rabbit - Konijnenvoer - 10 kg,"43,95","43,95",0,Konijn,https://www.petsplace.nl/supreme-science-selective-rabbit-konijnenvoer-m-5015622204403-pps,https://cdn.petsplace.nl/media/mf_webp/jpg/media/catalog/product/cache/51683dc2574b5d5c6b813bcbcc9e3c67/3/0/9652_300045_1.webp
Pets place,Knaagdier,Konijnenvoer,Versele-Laga Country`s Best,Versele-Laga Country`s Best Cuni Fit Pure - Konijnenkorrel - Konijnenvoer - 5 kg,"8,29","8,29",0,Konijn,https://www.petsplace.nl/versele-laga-country-s-best-cuni-fit-pure-konijnenkorrel-konijnenvoer-m-5410340512036-pps,https://cdn.petsplace.nl/media/mf_webp/jpg/media/catalog/product/cache/51683dc2574b5d5c6b813bcbcc9e3c67/1/0/7494_100829_1.webp
Pets place,Knaagdier,Konijnenvoer,Versele-Laga Country`s Best,Versele-Laga Country`s Best Cuni Fit Pure - Konijnenkorrel - Konijnenvoer - 20 kg,"23,09","23,09",0,Konijn,https://www.petsplace.nl/versele-laga-country-s-best-cuni-fit-pure-konijnenkorrel-konijnenvoer-m-5410340512036-pps,https://cdn.petsplace.nl/media/mf_webp/jpg/media/catalog/product/cache/51683dc2574b5d5c6b813bcbcc9e3c67/1/0/5416_100830_1.webp
Pets place,Knaagdier,Konijnenvoer,Versele-Laga Classic,Versele-Laga Classic Allround Pellet - Konijnenvoer - 5 kg,"6,79","6,79",0,Konijn,https://www.petsplace.nl/versele-laga-classic-allround-pellet-konijnenvoer-m-5410340611425-pps,https://cdn.petsplace.nl/media/mf_webp/jpg/media/catalog/product/cache/51683dc2574b5d5c6b813bcbcc9e3c67/1/9/9579_199127_1.webp
Pets place,Knaagdier,Konijnenvoer,Versele-Laga Country`s Best,Versele-Laga Country`s Best Cuni Fit Plus - Konijnenkorrel - Konijnenvoer - 5 kg,"8,99","8,99",0,Konijn,https://www.petsplace.nl/versele-laga-country-s-best-cuni-fit-plus-konijnenkorrel-konijnenvoer-m-5410340512098-pps,https://cdn.petsplace.nl/media/mf_webp/jpg/media/catalog/product/cache/51683dc2574b5d5c6b813bcbcc9e3c67/1/8/9208_182424_1.webp
Pets place,Knaagdier,Konijnenvoer,Versele-Laga Country`s Best,Versele-Laga Country`s Best Cuni Fit Plus - Konijnenkorrel - Konijnenvoer - 20 kg,"21,79","21,79",0,Konijn,https://www.petsplace.nl/versele-laga-country-s-best-cuni-fit-plus-konijnenkorrel-konijnenvoer-m-5410340512098-pps,https://cdn.petsplace.nl/media/mf_webp/jpg/media/catalog/product/cache/51683dc2574b5d5c6b813bcbcc9e3c67/1/0/3256_100828_1.webp
Pets place,Knaagdier,Konijnenvoer,Versele-Laga Complete,Versele-Laga Complete Cuni Adult - Konijnenvoer - 350+150 g,"3,14","3,14",0,Konijn,https://www.petsplace.nl/versele-laga-complete-cuni-adult-konijnenvoer-m-5410340612507-pps,https://cdn.petsplace.nl/media/mf_webp/jpg/media/catalog/product/cache/51683dc2574b5d5c6b813bcbcc9e3c67/1/0/2678_10046813_1.webp
Pets place,Knaagdier,Konijnenvoer,Versele-Laga Complete,Versele-Laga Complete Cuni Adult - Konijnenvoer - 500 g,"5,99","5,99",0,Konijn,https://www.petsplace.nl/versele-laga-complete-cuni-adult-konijnenvoer-m-5410340612507-pps,https://cdn.petsplace.nl/media/mf_webp/jpg/media/catalog/product/cache/51683dc2574b5d5c6b813bcbcc9e3c67/1/8/8057_181574_1.webp
Pets place,Knaagdier,Konijnenvoer,Versele-Laga Complete,Versele-Laga Complete Cuni Adult - Konijnenvoer - 1.75 kg,"16,65","16,65",0,Konijn,https://www.petsplace.nl/versele-laga-complete-cuni-adult-konijnenvoer-m-5410340612507-pps,https://cdn.petsplace.nl/media/mf_webp/jpg/media/catalog/product/cache/51683dc2574b5d5c6b813bcbcc9e3c67/1/0/9283_100772_1.webp
Pets place,Knaagdier,Konijnenvoer,Versele-Laga Complete,Versele-Laga Complete Cuni Adult - Konijnenvoer - 8 kg,"50,65","50,65",0,Konijn,https://www.petsplace.nl/versele-laga-complete-cuni-adult-konijnenvoer-m-5410340612507-pps,https://cdn.petsplace.nl/media/mf_webp/jpg/media/catalog/product/cache/51683dc2574b5d5c6b813bcbcc9e3c67/3/4/8327_342706_1.webp
Pets place,Knaagdier,Konijnenvoer,Versele-Laga Complete,Versele-Laga Complete Cuni Adult - Konijnenvoer - 8+0.8 kg Promo,"42,95","42,95",0,Konijn,https://www.petsplace.nl/versele-laga-complete-cuni-adult-konijnenvoer-m-5410340612507-pps,https://cdn.petsplace.nl/media/mf_webp/jpg/media/catalog/product/cache/51683dc2574b5d5c6b813bcbcc9e3c67/3/4/9917_342705_1.webp
Pets place,Knaagdier,Konijnenvoer,Tiny Friends Farm,Tiny Friends Farm Russel Rabbit Original - Konijnenvoer - 850 g,"3,99","3,99",0,Konijn,https://www.petsplace.nl/tiny-friends-farm-russel-rabbit-original-konijnenvoer-m-5015622204793-pps,https://cdn.petsplace.nl/media/mf_webp/jpg/media/catalog/product/cache/51683dc2574b5d5c6b813bcbcc9e3c67/2/0/6924_200279_1.webp
Pets place,Knaagdier,Konijnenvoer,Tiny Friends Farm,Tiny Friends Farm Russel Rabbit Original - Konijnenvoer - 2.5 kg,"7,99","7,99",0,Konijn,https://www.petsplace.nl/tiny-friends-farm-russel-rabbit-original-konijnenvoer-m-5015622204793-pps,https://cdn.petsplace.nl/media/mf_webp/jpg/media/catalog/product/cache/51683dc2574b5d5c6b813bcbcc9e3c67/2/0/7824_200276_1.webp
Pets place,Knaagdier,Konijnenvoer,Tiny Friends Farm,Tiny Friends Farm Russel Rabbit Original - Konijnenvoer - 12.5 kg,"37,45","37,45",0,Konijn,https://www.petsplace.nl/tiny-friends-farm-russel-rabbit-original-konijnenvoer-m-5015622204793-pps,https://cdn.petsplace.nl/media/mf_webp/jpg/media/catalog/product/cache/51683dc2574b5d5c6b813bcbcc9e3c67/3/0/1025_300243_1.webp
Pets place,Knaagdier,Konijnenvoer,Tiny Friends Farm,Tiny Friends Farm Russel Rabbit Tasty Mix - Konijnenvoer - 2.5 kg,"9,99","9,99",0,Konijn,https://www.petsplace.nl/tiny-friends-farm-russel-rabbit-tasty-mix-konijnenvoer-m-730582000623-pps,https://cdn.petsplace.nl/media/mf_webp/jpg/media/catalog/product/cache/51683dc2574b5d5c6b813bcbcc9e3c67/3/0/8067_30001448_1.webp
Pets place,Knaagdier,Konijnenvoer,Tiny Friends Farm,Tiny Friends Farm Russel Rabbit Tasty Mix - Konijnenvoer - 5 kg,"18,89","18,89",0,Konijn,https://www.petsplace.nl/tiny-friends-farm-russel-rabbit-tasty-mix-konijnenvoer-m-730582000623-pps,https://cdn.petsplace.nl/media/mf_webp/jpg/media/catalog/product/cache/51683dc2574b5d5c6b813bcbcc9e3c67/3/0/7747_30002152_1.webp
Pets place,Knaagdier,Konijnenvoer,Versele-Laga Crispy,Versele-Laga Crispy Muesli Konijnen - Konijnenvoer - 400 g,"1,79","1,79",0,Konijn,https://www.petsplace.nl/versele-laga-crispy-muesli-konijnen-konijnenvoer-m-5410340617014-pps,https://cdn.petsplace.nl/media/mf_webp/jpg/media/catalog/product/cache/51683dc2574b5d5c6b813bcbcc9e3c67/1/0/7729_10054638_1.webp
Pets place,Knaagdier,Konijnenvoer,Versele-Laga Crispy,Versele-Laga Crispy Muesli Konijnen - Konijnenvoer - 1 kg,"3,39","3,39",0,Konijn,https://www.petsplace.nl/versele-laga-crispy-muesli-konijnen-konijnenvoer-m-5410340617014-pps,https://cdn.petsplace.nl/media/mf_webp/jpg/media/catalog/product/cache/51683dc2574b5d5c6b813bcbcc9e3c67/1/0/3729_100756_1.webp
Pets place,Knaagdier,Konijnenvoer,Versele-Laga Crispy,Versele-Laga Crispy Muesli Konijnen - Konijnenvoer - 2.75 kg,"8,19","8,19",0,Konijn,https://www.petsplace.nl/versele-laga-crispy-muesli-konijnen-konijnenvoer-m-5410340617014-pps,https://cdn.petsplace.nl/media/mf_webp/jpg/media/catalog/product/cache/51683dc2574b5d5c6b813bcbcc9e3c67/1/0/5234_100757_1.webp
Pets place,Knaagdier,Konijnenvoer,Versele-Laga Crispy,Versele-Laga Crispy Muesli Konijnen - Konijnenvoer - 9+1 kg,"13,49","13,49",0,Konijn,https://www.petsplace.nl/versele-laga-crispy-muesli-konijnen-konijnenvoer-m-5410340617014-pps,https://cdn.petsplace.nl/media/mf_webp/jpg/media/catalog/product/cache/51683dc2574b5d5c6b813bcbcc9e3c67/1/0/9608_10053840_1.webp
Pets place,Knaagdier,Konijnenvoer,Versele-Laga Crispy,Versele-Laga Crispy Muesli Konijnen - Konijnenvoer - 10 kg,"15,19","15,19",0,Konijn,https://www.petsplace.nl/versele-laga-crispy-muesli-konijnen-konijnenvoer-m-5410340617014-pps,https://cdn.petsplace.nl/media/mf_webp/jpg/media/catalog/product/cache/51683dc2574b5d5c6b813bcbcc9e3c67/1/0/9346_10053933_1.webp
Pets place,Knaagdier,Konijnenvoer,Versele-Laga Crispy,Versele-Laga Crispy Muesli Konijnen - Konijnenvoer - 20 kg,"29,79","29,79",0,Konijn,https://www.petsplace.nl/versele-laga-crispy-muesli-konijnen-konijnenvoer-m-5410340617014-pps,https://cdn.petsplace.nl/media/mf_webp/jpg/media/catalog/product/cache/51683dc2574b5d5c6b813bcbcc9e3c67/1/8/9210_181558_1.webp
Pets place,Knaagdier,Konijnenvoer,Kasper Faunafood,Kasper Faunafood Konijnenkorrel - Konijnenvoer - 4 kg,"8,29","8,29",0,Konijn,https://www.petsplace.nl/kasper-faunafood-konijnenkorrel-konijnenvoer-m-8712014065211-pps,https://cdn.petsplace.nl/media/mf_webp/jpg/media/catalog/product/cache/51683dc2574b5d5c6b813bcbcc9e3c67/1/8/2023_181518_1.webp
Pets place,Knaagdier,Konijnenvoer,Kasper Faunafood,Kasper Faunafood Gemengd Konijnenvoer - Konijnenvoer - 20 kg,"21,39","21,39",0,Konijn,https://www.petsplace.nl/kasper-faunafood-gemengd-konijnenvoer-konijnenvoer-m-8712014300046-pps,https://cdn.petsplace.nl/media/mf_webp/jpg/media/catalog/product/cache/51683dc2574b5d5c6b813bcbcc9e3c67/3/3/2259_338614_1.webp
Pets place,Knaagdier,Konijnenvoer,Versele-Laga Complete,Versele-Laga Complete Cuni Junior - Konijnenvoer - 500 g,"6,89","6,89",0,Konijn,https://www.petsplace.nl/versele-laga-complete-cuni-junior-konijnenvoer-m-5410340613085-pps,https://cdn.petsplace.nl/media/mf_webp/jpg/media/catalog/product/cache/51683dc2574b5d5c6b813bcbcc9e3c67/1/8/9335_182710_1.webp
Pets place,Knaagdier,Konijnenvoer,Versele-Laga Complete,Versele-Laga Complete Cuni Junior - Konijnenvoer - 1.75 kg,"18,35","18,35",0,Konijn,https://www.petsplace.nl/versele-laga-complete-cuni-junior-konijnenvoer-m-5410340613085-pps,https://cdn.petsplace.nl/media/mf_webp/jpg/media/catalog/product/cache/51683dc2574b5d5c6b813bcbcc9e3c67/1/8/9419_182711_1.webp
Pets place,Knaagdier,Konijnenvoer,Versele-Laga Complete,Versele-Laga Complete Cuni Junior - Konijnenvoer - 8 kg,"62,95","62,95",0,Konijn,https://www.petsplace.nl/versele-laga-complete-cuni-junior-konijnenvoer-m-5410340613085-pps,https://cdn.petsplace.nl/media/mf_webp/jpg/media/catalog/product/cache/51683dc2574b5d5c6b813bcbcc9e3c67/3/4/4446_342709_1.webp
Pets place,Knaagdier,Konijnenvoer,HobbyFirst Hope Farms,Hobbyfirst Hope Farms Rabbit Granola - Konijnenvoer - 800 g,"4,69","4,69",0,Konijn,https://www.petsplace.nl/hobbyfirst-hope-farms-rabbit-granola-konijnenvoer-m-5400515004046-pps,https://cdn.petsplace.nl/media/mf_webp/jpg/media/catalog/product/cache/51683dc2574b5d5c6b813bcbcc9e3c67/1/0/2675_10046026_1.webp
Pets place,Knaagdier,Konijnenvoer,HobbyFirst Hope Farms,Hobbyfirst Hope Farms Rabbit Granola - Konijnenvoer - 2 kg,"10,09","10,09",0,Konijn,https://www.petsplace.nl/hobbyfirst-hope-farms-rabbit-granola-konijnenvoer-m-5400515004046-pps,https://cdn.petsplace.nl/media/mf_webp/jpg/media/catalog/product/cache/51683dc2574b5d5c6b813bcbcc9e3c67/1/0/9941_10046072_1.webp
Pets place,Knaagdier,Konijnenvoer,HobbyFirst Hope Farms,Hobbyfirst Hope Farms Rabbit Granola - Konijnenvoer - 10 kg,"37,49","37,49",0,Konijn,https://www.petsplace.nl/hobbyfirst-hope-farms-rabbit-granola-konijnenvoer-m-5400515004046-pps,https://cdn.petsplace.nl/media/mf_webp/jpg/media/catalog/product/cache/51683dc2574b5d5c6b813bcbcc9e3c67/1/0/1917_10046073_1.webp
Pets place,Knaagdier,Konijnenvoer,Versele-Laga Nature,Versele-Laga Nature Cuni - Konijnenvoer - 700 g,"4,99","4,99",0,Konijn,https://www.petsplace.nl/versele-laga-nature-cuni-konijnenvoer-m-5410340614488-pps,https://cdn.petsplace.nl/media/mf_webp/jpg/media/catalog/product/cache/51683dc2574b5d5c6b813bcbcc9e3c67/1/0/7665_10025792_1.webp
Pets place,Knaagdier,Konijnenvoer,Versele-Laga Nature,Versele-Laga Nature Cuni - Konijnenvoer - 2.3 kg,"13,49","13,49",0,Konijn,https://www.petsplace.nl/versele-laga-nature-cuni-konijnenvoer-m-5410340614488-pps,https://cdn.petsplace.nl/media/mf_webp/jpg/media/catalog/product/cache/51683dc2574b5d5c6b813bcbcc9e3c67/1/0/5364_10025794_1.webp
Pets place,Knaagdier,Konijnenvoer,Versele-Laga Nature,Versele-Laga Nature Cuni - Konijnenvoer - 9 kg,"36,45","36,45",0,Konijn,https://www.petsplace.nl/versele-laga-nature-cuni-konijnenvoer-m-5410340614488-pps,https://cdn.petsplace.nl/media/mf_webp/jpg/media/catalog/product/cache/51683dc2574b5d5c6b813bcbcc9e3c67/1/0/6937_10025793_1.webp
Pets place,Knaagdier,Konijnenvoer,Versele-Laga Nature,Versele-Laga Nature Cuni - Konijnenvoer - 9+1 kg,"32,29","32,29",0,Konijn,https://www.petsplace.nl/versele-laga-nature-cuni-konijnenvoer-m-5410340614488-pps,https://cdn.petsplace.nl/media/mf_webp/jpg/media/catalog/product/cache/51683dc2574b5d5c6b813bcbcc9e3c67/1/0/1664_10025812_1.webp
Pets place,Knaagdier,Konijnenvoer,Versele-Laga Complete,Versele-Laga Complete Cuni Sensitive - Konijnenvoer - 500 g,"6,69","6,69",0,Konijn,https://www.petsplace.nl/versele-laga-complete-cuni-sensitive-konijnenvoer-m-5410340613108-pps,https://cdn.petsplace.nl/media/mf_webp/jpg/media/catalog/product/cache/51683dc2574b5d5c6b813bcbcc9e3c67/1/8/2093_182713_1.webp
Pets place,Knaagdier,Konijnenvoer,Versele-Laga Complete,Versele-Laga Complete Cuni Sensitive - Konijnenvoer - 1.75 kg,"18,40","18,40",0,Konijn,https://www.petsplace.nl/versele-laga-complete-cuni-sensitive-konijnenvoer-m-5410340613108-pps,https://cdn.petsplace.nl/media/mf_webp/jpg/media/catalog/product/cache/51683dc2574b5d5c6b813bcbcc9e3c67/1/8/1885_182714_1.webp
Pets place,Knaagdier,Konijnenvoer,HobbyFirst Hope Farms,Hobbyfirst Hope Farms Rabbit Complete - Konijnenvoer - 1.5 kg,"6,49","6,49",0,Konijn,https://www.petsplace.nl/hobbyfirst-hope-farms-rabbit-complete-konijnenvoer-m-5400515002325-pps,https://cdn.petsplace.nl/media/mf_webp/jpg/media/catalog/product/cache/51683dc2574b5d5c6b813bcbcc9e3c67/1/0/5043_10046007_1.webp
Pets place,Knaagdier,Konijnenvoer,HobbyFirst Hope Farms,Hobbyfirst Hope Farms Rabbit Complete - Konijnenvoer - 3 kg,"9,79","9,79",0,Konijn,https://www.petsplace.nl/hobbyfirst-hope-farms-rabbit-complete-konijnenvoer-m-5400515002325-pps,https://cdn.petsplace.nl/media/mf_webp/jpg/media/catalog/product/cache/51683dc2574b5d5c6b813bcbcc9e3c67/1/0/9256_10046008_1.webp
Pets place,Knaagdier,Konijnenvoer,HobbyFirst Hope Farms,Hobbyfirst Hope Farms Rabbit Complete - Konijnenvoer - 10 kg,"26,79","26,79",0,Konijn,https://www.petsplace.nl/hobbyfirst-hope-farms-rabbit-complete-konijnenvoer-m-5400515002325-pps,https://cdn.petsplace.nl/media/mf_webp/jpg/media/catalog/product/cache/51683dc2574b5d5c6b813bcbcc9e3c67/1/0/1044_10046009_1.webp
Pets place,Knaagdier,Konijnenvoer,HobbyFirst Hope Farms,Hobbyfirst Hope Farms Rabbit Balance - Konijnenvoer - 1.5 kg,"9,19","9,19",0,Konijn,https://www.petsplace.nl/hobbyfirst-hope-farms-rabbit-balance-konijnenvoer-m-5400515004008-pps,https://cdn.petsplace.nl/media/mf_webp/jpg/media/catalog/product/cache/51683dc2574b5d5c6b813bcbcc9e3c67/1/0/6983_10046016_1.webp
Pets place,Knaagdier,Konijnenvoer,HobbyFirst Hope Farms,Hobbyfirst Hope Farms Rabbit Balance - Konijnenvoer - 5 kg,"28,49","28,49",0,Konijn,https://www.petsplace.nl/hobbyfirst-hope-farms-rabbit-balance-konijnenvoer-m-5400515004008-pps,https://cdn.petsplace.nl/media/mf_webp/jpg/media/catalog/product/cache/51683dc2574b5d5c6b813bcbcc9e3c67/1/0/6855_10046017_1.webp
Pets place,Knaagdier,Konijnenvoer,Supreme,Supreme Science Selective Rabbit - Konijnenvoer - 10+1 kg,"47,99","47,99",0,Konijn,https://www.petsplace.nl/supreme-science-selective-rabbit-konijnenvoer-m-5015622204403-pps,https://cdn.petsplace.nl/media/mf_webp/jpg/media/catalog/product/cache/51683dc2574b5d5c6b813bcbcc9e3c67/1/0/3003_10053940_1.webp
Pets place,Knaagdier,Konijnenvoer,Supreme,Supreme Science Selective Rabbit - Konijnenvoer - 1.5 kg,"12,69","12,69",0,Konijn,https://www.petsplace.nl/supreme-science-selective-rabbit-konijnenvoer-m-5015622204403-pps,https://cdn.petsplace.nl/media/mf_webp/jpg/media/catalog/product/cache/51683dc2574b5d5c6b813bcbcc9e3c67/3/0/3842_300136_1.webp
Pets place,Knaagdier,Konijnenvoer,Supreme,Supreme Science Selective Rabbit - Konijnenvoer - 3 kg,"21,65","21,65",0,Konijn,https://www.petsplace.nl/supreme-science-selective-rabbit-konijnenvoer-m-5015622204403-pps,https://cdn.petsplace.nl/media/mf_webp/jpg/media/catalog/product/cache/51683dc2574b5d5c6b813bcbcc9e3c67/5/3/3012_530109_1.webp
Pets place,Knaagdier,Konijnenvoer,Supreme,Supreme Science Selective Rabbit - Konijnenvoer - 5 kg,"28,89","28,89",0,Konijn,https://www.petsplace.nl/supreme-science-selective-rabbit-konijnenvoer-m-5015622204403-pps,https://cdn.petsplace.nl/media/mf_webp/jpg/media/catalog/product/cache/51683dc2574b5d5c6b813bcbcc9e3c67/3/0/6082_300149_1.webp
Pets place,Knaagdier,Konijnenvoer,Supreme,Supreme Science Selective Rabbit - Konijnenvoer - 10 kg,"43,95","43,95",0,Konijn,https://www.petsplace.nl/supreme-science-selective-rabbit-konijnenvoer-m-5015622204403-pps,https://cdn.petsplace.nl/media/mf_webp/jpg/media/catalog/product/cache/51683dc2574b5d5c6b813bcbcc9e3c67/3/0/9652_300045_1.webp
Pets place,Knaagdier,Konijnenvoer,Versele-Laga Country`s Best,Versele-Laga Country`s Best Cuni Fit Pure - Konijnenkorrel - Konijnenvoer - 5 kg,"8,29","8,29",0,Konijn,https://www.petsplace.nl/versele-laga-country-s-best-cuni-fit-pure-konijnenkorrel-konijnenvoer-m-5410340512036-pps,https://cdn.petsplace.nl/media/mf_webp/jpg/media/catalog/product/cache/51683dc2574b5d5c6b813bcbcc9e3c67/1/0/7494_100829_1.webp
Pets place,Knaagdier,Konijnenvoer,Versele-Laga Country`s Best,Versele-Laga Country`s Best Cuni Fit Pure - Konijnenkorrel - Konijnenvoer - 20 kg,"23,09","23,09",0,Konijn,https://www.petsplace.nl/versele-laga-country-s-best-cuni-fit-pure-konijnenkorrel-konijnenvoer-m-5410340512036-pps,https://cdn.petsplace.nl/media/mf_webp/jpg/media/catalog/product/cache/51683dc2574b5d5c6b813bcbcc9e3c67/1/0/5416_100830_1.webp
Pets place,Knaagdier,Konijnenvoer,Versele-Laga Classic,Versele-Laga Classic Allround Pellet - Konijnenvoer - 5 kg,"6,79","6,79",0,Konijn,https://www.petsplace.nl/versele-laga-classic-allround-pellet-konijnenvoer-m-5410340611425-pps,https://cdn.petsplace.nl/media/mf_webp/jpg/media/catalog/product/cache/51683dc2574b5d5c6b813bcbcc9e3c67/1/9/9579_199127_1.webp
Pets place,Knaagdier,Konijnenvoer,Versele-Laga Country`s Best,Versele-Laga Country`s Best Cuni Fit Plus - Konijnenkorrel - Konijnenvoer - 5 kg,"8,99","8,99",0,Konijn,https://www.petsplace.nl/versele-laga-country-s-best-cuni-fit-plus-konijnenkorrel-konijnenvoer-m-5410340512098-pps,https://cdn.petsplace.nl/media/mf_webp/jpg/media/catalog/product/cache/51683dc2574b5d5c6b813bcbcc9e3c67/1/8/9208_182424_1.webp
Pets place,Knaagdier,Konijnenvoer,Versele-Laga Country`s Best,Versele-Laga Country`s Best Cuni Fit Plus - Konijnenkorrel - Konijnenvoer - 20 kg,"21,79","21,79",0,Konijn,https://www.petsplace.nl/versele-laga-country-s-best-cuni-fit-plus-konijnenkorrel-konijnenvoer-m-5410340512098-pps,https://cdn.petsplace.nl/media/mf_webp/jpg/media/catalog/product/cache/51683dc2574b5d5c6b813bcbcc9e3c67/1/0/3256_100828_1.webp
Pets place,Knaagdier,Konijnenvoer,Versele-Laga Complete,Versele-Laga Complete Cuni Adult - Konijnenvoer - 350+150 g,"3,14","3,14",0,Konijn,https://www.petsplace.nl/versele-laga-complete-cuni-adult-konijnenvoer-m-5410340612507-pps,https://cdn.petsplace.nl/media/mf_webp/jpg/media/catalog/product/cache/51683dc2574b5d5c6b813bcbcc9e3c67/1/0/2678_10046813_1.webp
Pets place,Knaagdier,Konijnenvoer,Versele-Laga Complete,Versele-Laga Complete Cuni Adult - Konijnenvoer - 500 g,"5,99","5,99",0,Konijn,https://www.petsplace.nl/versele-laga-complete-cuni-adult-konijnenvoer-m-5410340612507-pps,https://cdn.petsplace.nl/media/mf_webp/jpg/media/catalog/product/cache/51683dc2574b5d5c6b813bcbcc9e3c67/1/8/8057_181574_1.webp
Pets place,Knaagdier,Konijnenvoer,Versele-Laga Complete,Versele-Laga Complete Cuni Adult - Konijnenvoer - 1.75 kg,"16,65","16,65",0,Konijn,https://www.petsplace.nl/versele-laga-complete-cuni-adult-konijnenvoer-m-5410340612507-pps,https://cdn.petsplace.nl/media/mf_webp/jpg/media/catalog/product/cache/51683dc2574b5d5c6b813bcbcc9e3c67/1/0/9283_100772_1.webp
Pets place,Knaagdier,Konijnenvoer,Versele-Laga Complete,Versele-Laga Complete Cuni Adult - Konijnenvoer - 8 kg,"50,65","50,65",0,Konijn,https://www.petsplace.nl/versele-laga-complete-cuni-adult-konijnenvoer-m-5410340612507-pps,https://cdn.petsplace.nl/media/mf_webp/jpg/media/catalog/product/cache/51683dc2574b5d5c6b813bcbcc9e3c67/3/4/8327_342706_1.webp
Pets place,Knaagdier,Konijnenvoer,Versele-Laga Complete,Versele-Laga Complete Cuni Adult - Konijnenvoer - 8+0.8 kg Promo,"42,95","42,95",0,Konijn,https://www.petsplace.nl/versele-laga-complete-cuni-adult-konijnenvoer-m-5410340612507-pps,https://cdn.petsplace.nl/media/mf_webp/jpg/media/catalog/product/cache/51683dc2574b5d5c6b813bcbcc9e3c67/3/4/9917_342705_1.webp
Pets place,Knaagdier,Konijnenvoer,Tiny Friends Farm,Tiny Friends Farm Russel Rabbit Original - Konijnenvoer - 850 g,"3,99","3,99",0,Konijn,https://www.petsplace.nl/tiny-friends-farm-russel-rabbit-original-konijnenvoer-m-5015622204793-pps,https://cdn.petsplace.nl/media/mf_webp/jpg/media/catalog/product/cache/51683dc2574b5d5c6b813bcbcc9e3c67/2/0/6924_200279_1.webp
Pets place,Knaagdier,Konijnenvoer,Tiny Friends Farm,Tiny Friends Farm Russel Rabbit Original - Konijnenvoer - 2.5 kg,"7,99","7,99",0,Konijn,https://www.petsplace.nl/tiny-friends-farm-russel-rabbit-original-konijnenvoer-m-5015622204793-pps,https://cdn.petsplace.nl/media/mf_webp/jpg/media/catalog/product/cache/51683dc2574b5d5c6b813bcbcc9e3c67/2/0/7824_200276_1.webp
Pets place,Knaagdier,Konijnenvoer,Tiny Friends Farm,Tiny Friends Farm Russel Rabbit Original - Konijnenvoer - 12.5 kg,"37,45","37,45",0,Konijn,https://www.petsplace.nl/tiny-friends-farm-russel-rabbit-original-konijnenvoer-m-5015622204793-pps,https://cdn.petsplace.nl/media/mf_webp/jpg/media/catalog/product/cache/51683dc2574b5d5c6b813bcbcc9e3c67/3/0/1025_300243_1.webp
Pets place,Knaagdier,Konijnenvoer,Tiny Friends Farm,Tiny Friends Farm Russel Rabbit Tasty Mix - Konijnenvoer - 2.5 kg,"9,99","9,99",0,Konijn,https://www.petsplace.nl/tiny-friends-farm-russel-rabbit-tasty-mix-konijnenvoer-m-730582000623-pps,https://cdn.petsplace.nl/media/mf_webp/jpg/media/catalog/product/cache/51683dc2574b5d5c6b813bcbcc9e3c67/3/0/8067_30001448_1.webp
Pets place,Knaagdier,Konijnenvoer,Tiny Friends Farm,Tiny Friends Farm Russel Rabbit Tasty Mix - Konijnenvoer - 5 kg,"18,89","18,89",0,Konijn,https://www.petsplace.nl/tiny-friends-farm-russel-rabbit-tasty-mix-konijnenvoer-m-730582000623-pps,https://cdn.petsplace.nl/media/mf_webp/jpg/media/catalog/product/cache/51683dc2574b5d5c6b813bcbcc9e3c67/3/0/7747_30002152_1.webp
Pets place,Knaagdier,Konijnenvoer,Versele-Laga Crispy,Versele-Laga Crispy Muesli Konijnen - Konijnenvoer - 400 g,"1,79","1,79",0,Konijn,https://www.petsplace.nl/versele-laga-crispy-muesli-konijnen-konijnenvoer-m-5410340617014-pps,https://cdn.petsplace.nl/media/mf_webp/jpg/media/catalog/product/cache/51683dc2574b5d5c6b813bcbcc9e3c67/1/0/7729_10054638_1.webp
Pets place,Knaagdier,Konijnenvoer,Versele-Laga Crispy,Versele-Laga Crispy Muesli Konijnen - Konijnenvoer - 1 kg,"3,39","3,39",0,Konijn,https://www.petsplace.nl/versele-laga-crispy-muesli-konijnen-konijnenvoer-m-5410340617014-pps,https://cdn.petsplace.nl/media/mf_webp/jpg/media/catalog/product/cache/51683dc2574b5d5c6b813bcbcc9e3c67/1/0/3729_100756_1.webp
Pets place,Knaagdier,Konijnenvoer,Versele-Laga Crispy,Versele-Laga Crispy Muesli Konijnen - Konijnenvoer - 2.75 kg,"8,19","8,19",0,Konijn,https://www.petsplace.nl/versele-laga-crispy-muesli-konijnen-konijnenvoer-m-5410340617014-pps,https://cdn.petsplace.nl/media/mf_webp/jpg/media/catalog/product/cache/51683dc2574b5d5c6b813bcbcc9e3c67/1/0/5234_100757_1.webp
Pets place,Knaagdier,Konijnenvoer,Versele-Laga Crispy,Versele-Laga Crispy Muesli Konijnen - Konijnenvoer - 9+1 kg,"13,49","13,49",0,Konijn,https://www.petsplace.nl/versele-laga-crispy-muesli-konijnen-konijnenvoer-m-5410340617014-pps,https://cdn.petsplace.nl/media/mf_webp/jpg/media/catalog/product/cache/51683dc2574b5d5c6b813bcbcc9e3c67/1/0/9608_10053840_1.webp
Pets place,Knaagdier,Konijnenvoer,Versele-Laga Crispy,Versele-Laga Crispy Muesli Konijnen - Konijnenvoer - 10 kg,"15,19","15,19",0,Konijn,https://www.petsplace.nl/versele-laga-crispy-muesli-konijnen-konijnenvoer-m-5410340617014-pps,https://cdn.petsplace.nl/media/mf_webp/jpg/media/catalog/product/cache/51683dc2574b5d5c6b813bcbcc9e3c67/1/0/9346_10053933_1.webp
Pets place,Knaagdier,Konijnenvoer,Versele-Laga Crispy,Versele-Laga Crispy Muesli Konijnen - Konijnenvoer - 20 kg,"29,79","29,79",0,Konijn,https://www.petsplace.nl/versele-laga-crispy-muesli-konijnen-konijnenvoer-m-5410340617014-pps,https://cdn.petsplace.nl/media/mf_webp/jpg/media/catalog/product/cache/51683dc2574b5d5c6b813bcbcc9e3c67/1/8/9210_181558_1.webp
Pets place,Knaagdier,Konijnenvoer,Kasper Faunafood,Kasper Faunafood Konijnenkorrel - Konijnenvoer - 4 kg,"8,29","8,29",0,Konijn,https://www.petsplace.nl/kasper-faunafood-konijnenkorrel-konijnenvoer-m-8712014065211-pps,https://cdn.petsplace.nl/media/mf_webp/jpg/media/catalog/product/cache/51683dc2574b5d5c6b813bcbcc9e3c67/1/8/2023_181518_1.webp
Pets place,Knaagdier,Konijnenvoer,Kasper Faunafood,Kasper Faunafood Gemengd Konijnenvoer - Konijnenvoer - 20 kg,"21,39","21,39",0,Konijn,https://www.petsplace.nl/kasper-faunafood-gemengd-konijnenvoer-konijnenvoer-m-8712014300046-pps,https://cdn.petsplace.nl/media/mf_webp/jpg/media/catalog/product/cache/51683dc2574b5d5c6b813bcbcc9e3c67/3/3/2259_338614_1.webp
Pets place,Knaagdier,Konijnenvoer,Versele-Laga Complete,Versele-Laga Complete Cuni Junior - Konijnenvoer - 500 g,"6,89","6,89",0,Konijn,https://www.petsplace.nl/versele-laga-complete-cuni-junior-konijnenvoer-m-5410340613085-pps,https://cdn.petsplace.nl/media/mf_webp/jpg/media/catalog/product/cache/51683dc2574b5d5c6b813bcbcc9e3c67/1/8/9335_182710_1.webp
Pets place,Knaagdier,Konijnenvoer,Versele-Laga Complete,Versele-Laga Complete Cuni Junior - Konijnenvoer - 1.75 kg,"18,35","18,35",0,Konijn,https://www.petsplace.nl/versele-laga-complete-cuni-junior-konijnenvoer-m-5410340613085-pps,https://cdn.petsplace.nl/media/mf_webp/jpg/media/catalog/product/cache/51683dc2574b5d5c6b813bcbcc9e3c67/1/8/9419_182711_1.webp
Pets place,Knaagdier,Konijnenvoer,Versele-Laga Complete,Versele-Laga Complete Cuni Junior - Konijnenvoer - 8 kg,"62,95","62,95",0,Konijn,https://www.petsplace.nl/versele-laga-complete-cuni-junior-konijnenvoer-m-5410340613085-pps,https://cdn.petsplace.nl/media/mf_webp/jpg/media/catalog/product/cache/51683dc2574b5d5c6b813bcbcc9e3c67/3/4/4446_342709_1.webp
Pets place,Knaagdier,Konijnenvoer,HobbyFirst Hope Farms,Hobbyfirst Hope Farms Rabbit Granola - Konijnenvoer - 800 g,"4,69","4,69",0,Konijn,https://www.petsplace.nl/hobbyfirst-hope-farms-rabbit-granola-konijnenvoer-m-5400515004046-pps,https://cdn.petsplace.nl/media/mf_webp/jpg/media/catalog/product/cache/51683dc2574b5d5c6b813bcbcc9e3c67/1/0/2675_10046026_1.webp
Pets place,Knaagdier,Konijnenvoer,HobbyFirst Hope Farms,Hobbyfirst Hope Farms Rabbit Granola - Konijnenvoer - 2 kg,"10,09","10,09",0,Konijn,https://www.petsplace.nl/hobbyfirst-hope-farms-rabbit-granola-konijnenvoer-m-5400515004046-pps,https://cdn.petsplace.nl/media/mf_webp/jpg/media/catalog/product/cache/51683dc2574b5d5c6b813bcbcc9e3c67/1/0/9941_10046072_1.webp
Pets place,Knaagdier,Konijnenvoer,HobbyFirst Hope Farms,Hobbyfirst Hope Farms Rabbit Granola - Konijnenvoer - 10 kg,"37,49","37,49",0,Konijn,https://www.petsplace.nl/hobbyfirst-hope-farms-rabbit-granola-konijnenvoer-m-5400515004046-pps,https://cdn.petsplace.nl/media/mf_webp/jpg/media/catalog/product/cache/51683dc2574b5d5c6b813bcbcc9e3c67/1/0/1917_10046073_1.webp
Pets place,Knaagdier,Konijnenvoer,Versele-Laga Nature,Versele-Laga Nature Cuni - Konijnenvoer - 700 g,"4,99","4,99",0,Konijn,https://www.petsplace.nl/versele-laga-nature-cuni-konijnenvoer-m-5410340614488-pps,https://cdn.petsplace.nl/media/mf_webp/jpg/media/catalog/product/cache/51683dc2574b5d5c6b813bcbcc9e3c67/1/0/7665_10025792_1.webp
Pets place,Knaagdier,Konijnenvoer,Versele-Laga Nature,Versele-Laga Nature Cuni - Konijnenvoer - 2.3 kg,"13,49","13,49",0,Konijn,https://www.petsplace.nl/versele-laga-nature-cuni-konijnenvoer-m-5410340614488-pps,https://cdn.petsplace.nl/media/mf_webp/jpg/media/catalog/product/cache/51683dc2574b5d5c6b813bcbcc9e3c67/1/0/5364_10025794_1.webp
Pets place,Knaagdier,Konijnenvoer,Versele-Laga Nature,Versele-Laga Nature Cuni - Konijnenvoer - 9 kg,"36,45","36,45",0,Konijn,https://www.petsplace.nl/versele-laga-nature-cuni-konijnenvoer-m-5410340614488-pps,https://cdn.petsplace.nl/media/mf_webp/jpg/media/catalog/product/cache/51683dc2574b5d5c6b813bcbcc9e3c67/1/0/6937_10025793_1.webp
Pets place,Knaagdier,Konijnenvoer,Versele-Laga Nature,Versele-Laga Nature Cuni - Konijnenvoer - 9+1 kg,"32,29","32,29",0,Konijn,https://www.petsplace.nl/versele-laga-nature-cuni-konijnenvoer-m-5410340614488-pps,https://cdn.petsplace.nl/media/mf_webp/jpg/media/catalog/product/cache/51683dc2574b5d5c6b813bcbcc9e3c67/1/0/1664_10025812_1.webp
Pets place,Knaagdier,Konijnenvoer,Versele-Laga Complete,Versele-Laga Complete Cuni Sensitive - Konijnenvoer - 500 g,"6,69","6,69",0,Konijn,https://www.petsplace.nl/versele-laga-complete-cuni-sensitive-konijnenvoer-m-5410340613108-pps,https://cdn.petsplace.nl/media/mf_webp/jpg/media/catalog/product/cache/51683dc2574b5d5c6b813bcbcc9e3c67/1/8/2093_182713_1.webp
Pets place,Knaagdier,Konijnenvoer,Versele-Laga Complete,Versele-Laga Complete Cuni Sensitive - Konijnenvoer - 1.75 kg,"18,40","18,40",0,Konijn,https://www.petsplace.nl/versele-laga-complete-cuni-sensitive-konijnenvoer-m-5410340613108-pps,https://cdn.petsplace.nl/media/mf_webp/jpg/media/catalog/product/cache/51683dc2574b5d5c6b813bcbcc9e3c67/1/8/1885_182714_1.webp
Pets place,Knaagdier,Konijnenvoer,HobbyFirst Hope Farms,Hobbyfirst Hope Farms Rabbit Complete - Konijnenvoer - 1.5 kg,"6,49","6,49",0,Konijn,https://www.petsplace.nl/hobbyfirst-hope-farms-rabbit-complete-konijnenvoer-m-5400515002325-pps,https://cdn.petsplace.nl/media/mf_webp/jpg/media/catalog/product/cache/51683dc2574b5d5c6b813bcbcc9e3c67/1/0/5043_10046007_1.webp
Pets place,Knaagdier,Konijnenvoer,HobbyFirst Hope Farms,Hobbyfirst Hope Farms Rabbit Complete - Konijnenvoer - 3 kg,"9,79","9,79",0,Konijn,https://www.petsplace.nl/hobbyfirst-hope-farms-rabbit-complete-konijnenvoer-m-5400515002325-pps,https://cdn.petsplace.nl/media/mf_webp/jpg/media/catalog/product/cache/51683dc2574b5d5c6b813bcbcc9e3c67/1/0/9256_10046008_1.webp
Pets place,Knaagdier,Konijnenvoer,HobbyFirst Hope Farms,Hobbyfirst Hope Farms Rabbit Complete - Konijnenvoer - 10 kg,"26,79","26,79",0,Konijn,https://www.petsplace.nl/hobbyfirst-hope-farms-rabbit-complete-konijnenvoer-m-5400515002325-pps,https://cdn.petsplace.nl/media/mf_webp/jpg/media/catalog/product/cache/51683dc2574b5d5c6b813bcbcc9e3c67/1/0/1044_10046009_1.webp
Pets place,Knaagdier,Konijnenvoer,HobbyFirst Hope Farms,Hobbyfirst Hope Farms Rabbit Balance - Konijnenvoer - 1.5 kg,"9,19","9,19",0,Konijn,https://www.petsplace.nl/hobbyfirst-hope-farms-rabbit-balance-konijnenvoer-m-5400515004008-pps,https://cdn.petsplace.nl/media/mf_webp/jpg/media/catalog/product/cache/51683dc2574b5d5c6b813bcbcc9e3c67/1/0/6983_10046016_1.webp
Pets place,Knaagdier,Konijnenvoer,HobbyFirst Hope Farms,Hobbyfirst Hope Farms Rabbit Balance - Konijnenvoer - 5 kg,"28,49","28,49",0,Konijn,https://www.petsplace.nl/hobbyfirst-hope-farms-rabbit-balance-konijnenvoer-m-5400515004008-pps,https://cdn.petsplace.nl/media/mf_webp/jpg/media/catalog/product/cache/51683dc2574b5d5c6b813bcbcc9e3c67/1/0/6855_10046017_1.webp
Pets place,Knaagdier,Konijnenvoer,Versele-Laga Classic,Versele-Laga Classic Cuni Konijnenvoer - Konijnenvoer - 4 kg Standaard,"6,59","6,59",0,Konijn,https://www.petsplace.nl/versele-laga-classic-cuni-konijnenvoer-konijnenvoer-5410340616000-pps,https://cdn.petsplace.nl/media/mf_webp/jpg/media/catalog/product/cache/51683dc2574b5d5c6b813bcbcc9e3c67/1/9/5155_199120_1.webp
Pets place,Knaagdier,Konijnenvoer,Kasper Faunafood,Kasper Faunafood Konijnenkorrel Hobby - Konijnenvoer - 20 kg,"16,89","16,89",0,Konijn,https://www.petsplace.nl/kasper-faunafood-konijnenkorrel-hobby-konijnenvoer-8712014100028-pps,https://cdn.petsplace.nl/media/mf_webp/jpg/media/catalog/product/cache/51683dc2574b5d5c6b813bcbcc9e3c67/3/3/5303_338613_1.webp
Pets place,Knaagdier,Konijnenvoer,Versele-Laga Classic,Versele-Laga Classic Allround Mix - Konijn & Cavia - Konijnenvoer - 20 kg,"20,69","20,69",0,Konijn,https://www.petsplace.nl/versele-laga-classic-allround-mix-konijn-cavia-konijnenvoer-5410340616079-pps,https://cdn.petsplace.nl/media/mf_webp/jpg/media/catalog/product/cache/51683dc2574b5d5c6b813bcbcc9e3c67/1/9/3130_199124_1.webp
Pets place,Knaagdier,Konijnenvoer,Versele-Laga Classic,Versele-Laga Classic Zero Knaagdierenvoer - Knaagdierenvoer - 4 kg Standaard,"6,59","6,59",0,Konijn,https://www.petsplace.nl/versele-laga-classic-zero-knaagdierenvoer-knaagdierenvoer-5410340616048-pps,https://cdn.petsplace.nl/media/mf_webp/jpg/media/catalog/product/cache/51683dc2574b5d5c6b813bcbcc9e3c67/1/9/6489_199122_1.webp
Pets place,Knaagdier,Konijnenvoer,Beaphar,Beaphar Care Plus Konijn Senior - Konijnenvoer - 1.5 kg,"13,50","13,50",0,Konijn,https://www.petsplace.nl/beaphar-care-plus-konijn-senior-konijnenvoer-8711231184545-pps,https://cdn.petsplace.nl/media/mf_webp/jpg/media/catalog/product/cache/51683dc2574b5d5c6b813bcbcc9e3c67/1/8/1277_181636_1.webp
Pets place,Knaagdier,Konijnenvoer,Kasper Faunafood,Kasper Faunafood Konijnenkorrel Sport - Konijnenvoer - 20 kg,"17,39","17,39",0,Konijn,https://www.petsplace.nl/kasper-faunafood-konijnenkorrel-sport-konijnenvoer-8712014100042-pps,https://cdn.petsplace.nl/media/mf_webp/jpg/media/catalog/product/cache/51683dc2574b5d5c6b813bcbcc9e3c67/3/3/9633_338612_1.webp
Pets place,Knaagdier,Konijnenvoer,Versele-Laga Crispy,Versele-Laga Crispy Pellets Konijn - Konijnenvoer - 2 kg,"7,39","7,39",0,Konijn,https://www.petsplace.nl/versele-laga-crispy-pellets-konijn-konijnenvoer-5410340611500-pps,https://cdn.petsplace.nl/media/mf_webp/jpg/media/catalog/product/cache/51683dc2574b5d5c6b813bcbcc9e3c67/1/0/3184_100747_1.webp
Pets place,Knaagdier,Konijnenvoer,Versele-Laga Crispy,Versele-Laga Crispy Muesli Grote Konijnen - Konijnenvoer - 2.75 kg,"8,19","8,19",0,Konijn,https://www.petsplace.nl/versele-laga-crispy-muesli-grote-konijnen-konijnenvoer-5410340611609-pps,https://cdn.petsplace.nl/media/mf_webp/jpg/media/catalog/product/cache/51683dc2574b5d5c6b813bcbcc9e3c67/1/0/6683_100745_1.webp
Pets place,Knaagdier,Konijnenvoer,Versele-Laga Nature,Versele-Laga Nature Cuni Junior - Konijnenvoer - 700 g,"4,99","4,99",0,Konijn,https://www.petsplace.nl/versele-laga-nature-cuni-junior-konijnenvoer-m-5410340614075-pps,https://cdn.petsplace.nl/media/mf_webp/jpg/media/catalog/product/cache/51683dc2574b5d5c6b813bcbcc9e3c67/1/0/3898_10025796_1.webp
Pets place,Knaagdier,Konijnenvoer,Versele-Laga Nature,Versele-Laga Nature Cuni Junior - Konijnenvoer - 2.3 kg,"13,79","13,79",0,Konijn,https://www.petsplace.nl/versele-laga-nature-cuni-junior-konijnenvoer-m-5410340614075-pps,https://cdn.petsplace.nl/media/mf_webp/jpg/media/catalog/product/cache/51683dc2574b5d5c6b813bcbcc9e3c67/1/0/1647_10025795_1.webp
Pets place,Knaagdier,Konijnenvoer,Supreme,Supreme Science Selective Rabbit Graanvrij - Konijnenvoer - 1.5 kg,"16,89","16,89",0,Konijn,https://www.petsplace.nl/supreme-science-selective-rabbit-graanvrij-konijnenvoer-730582000142-pps,https://cdn.petsplace.nl/media/mf_webp/jpg/media/catalog/product/cache/51683dc2574b5d5c6b813bcbcc9e3c67/3/4/1967_340633_1.webp
Pets place,Knaagdier,Konijnenvoer,Kasper Faunafood,Kasper Faunafood Konijnen Knaagmix - Konijnenvoer - 3.5 kg,"9,79","9,79",0,Konijn,https://www.petsplace.nl/kasper-faunafood-konijnenknaagmix-konijnenvoer-m-8712014300053-pps,https://cdn.petsplace.nl/media/mf_webp/jpg/media/catalog/product/cache/51683dc2574b5d5c6b813bcbcc9e3c67/1/8/3787_181516_1.webp
Pets place,Knaagdier,Konijnenvoer,Kasper Faunafood,Kasper Faunafood Konijnenknaagmix - Konijnenvoer - 15 kg,"19,79","19,79",0,Konijn,https://www.petsplace.nl/kasper-faunafood-konijnenknaagmix-konijnenvoer-m-8712014300053-pps,https://cdn.petsplace.nl/media/mf_webp/jpg/media/catalog/product/cache/51683dc2574b5d5c6b813bcbcc9e3c67/5/3/4992_537079_1.webp
Pets place,Knaagdier,Konijnenvoer,Beaphar,Beaphar Care Plus Konijn - Konijnenvoer - 250 g,"3,85","3,85",0,Konijn,https://www.petsplace.nl/beaphar-care-plus-konijn-konijnenvoer-m-8711231184248-pps,https://cdn.petsplace.nl/media/mf_webp/jpg/media/catalog/product/cache/51683dc2574b5d5c6b813bcbcc9e3c67/1/8/4516_181629_1.webp
Pets place,Knaagdier,Konijnenvoer,Beaphar,Beaphar Care Plus Konijn - Konijnenvoer - 1.5 kg,"13,50","13,50",0,Konijn,https://www.petsplace.nl/beaphar-care-plus-konijn-konijnenvoer-m-8711231184248-pps,https://cdn.petsplace.nl/media/mf_webp/jpg/media/catalog/product/cache/51683dc2574b5d5c6b813bcbcc9e3c67/1/8/9947_181630_1.webp
Pets place,Knaagdier,Konijnenvoer,Beaphar,Beaphar Care Plus Konijn - Konijnenvoer - 5 kg,"30,95","30,95",0,Konijn,https://www.petsplace.nl/beaphar-care-plus-konijn-konijnenvoer-m-8711231184248-pps,https://cdn.petsplace.nl/media/mf_webp/jpg/media/catalog/product/cache/51683dc2574b5d5c6b813bcbcc9e3c67/1/8/2715_181631_1.webp
Pets place,Knaagdier,Konijnenvoer,Beaphar,Beaphar Care Plus Konijn - Konijnenvoer - 10 kg,"51,45","51,45",0,Konijn,https://www.petsplace.nl/beaphar-care-plus-konijn-konijnenvoer-m-8711231184248-pps,https://cdn.petsplace.nl/media/mf_webp/jpg/media/catalog/product/cache/51683dc2574b5d5c6b813bcbcc9e3c67/1/8/3233_181632_1.webp
Pets place,Knaagdier,Konijnenvoer,Vitakraft,Vitakraft Menu Vital Dwergkonijn - Konijnenvoer - 1 kg,"5,15","5,15",0,Konijn,https://www.petsplace.nl/vitakraft-menu-vital-dwergkonijn-konijnenvoer-m-4008239292193-pps,https://cdn.petsplace.nl/media/mf_webp/jpg/media/catalog/product/cache/51683dc2574b5d5c6b813bcbcc9e3c67/3/0/1237_30019624_1.webp
Pets place,Knaagdier,Konijnenvoer,Vitakraft,Vitakraft Menu Vital Dwergkonijn - Konijnenvoer - 3 kg,"14,49","14,49",0,Konijn,https://www.petsplace.nl/vitakraft-menu-vital-dwergkonijn-konijnenvoer-m-4008239292193-pps,https://cdn.petsplace.nl/media/mf_webp/jpg/media/catalog/product/cache/51683dc2574b5d5c6b813bcbcc9e3c67/3/0/7851_30019621_1.webp
Pets place,Knaagdier,Konijnenvoer,Vitakraft,Vitakraft Menu Vital Dwergkonijn - Konijnenvoer - 5 kg,"22,99","22,99",0,Konijn,https://www.petsplace.nl/vitakraft-menu-vital-dwergkonijn-konijnenvoer-m-4008239292193-pps,https://cdn.petsplace.nl/media/mf_webp/jpg/media/catalog/product/cache/51683dc2574b5d5c6b813bcbcc9e3c67/3/0/2014_30019632_1.webp
Pets place,Knaagdier,Konijnenvoer,Tiny Friends Farm,Tiny Friends Farm Russel Rabbit Timothy Mix - Konijnenvoer - 2.5 kg,"14,99","14,99",0,Konijn,https://www.petsplace.nl/tiny-friends-farm-russel-rabbit-timothy-mix-konijnenvoer-5015622205653-pps,https://cdn.petsplace.nl/media/mf_webp/jpg/media/catalog/product/cache/51683dc2574b5d5c6b813bcbcc9e3c67/3/3/6360_335904_1.webp
Pets place,Knaagdier,Konijnenvoer,Versele-Laga Classic,Versele-Laga Classic Zero Konijnenvoer Zonder Pellet - Konijnenvoer - 20 kg,"28,30","28,30",0,Konijn,https://www.petsplace.nl/versele-laga-classic-zero-konijnenvoer-zonder-pellet-konijnenvoer-5410340616062-pps,https://cdn.petsplace.nl/media/mf_webp/jpg/media/catalog/product/cache/51683dc2574b5d5c6b813bcbcc9e3c67/1/9/6609_199126_1.webp
Pets place,Knaagdier,Konijnenvoer,Vitakraft,Vitakraft Emotion Beauty Selection Adult Konijn - Konijnenvoer - 1.5 kg,"12,49","12,49",0,Konijn,https://www.petsplace.nl/vitakraft-emotion-beauty-selection-adult-konijn-konijnenvoer-4008239314567-pps,https://cdn.petsplace.nl/media/mf_webp/jpg/media/catalog/product/cache/51683dc2574b5d5c6b813bcbcc9e3c67/3/4/7406_341952_1.webp
Pets place,Knaagdier,Konijnenvoer,Kasper Faunafood,Kasper Faunafood Konijnenvoer Met Rode Wortel - Konijnenvoer - 3.5 kg Gemengd,"8,19","8,19",0,Konijn,https://www.petsplace.nl/kasper-faunafood-konijnenvoer-met-rode-wortel-konijnenvoer-8712014065228-pps,https://cdn.petsplace.nl/media/mf_webp/jpg/media/catalog/product/cache/51683dc2574b5d5c6b813bcbcc9e3c67/1/8/9642_181521_1.webp
Pets place,Knaagdier,Konijnenvoer,Beaphar,Beaphar Care Plus Konijn Junior - Konijnenvoer - 250 g,"3,85","3,85",0,Konijn,https://www.petsplace.nl/beaphar-care-plus-konijn-junior-konijnenvoer-m-8711231184262-pps,https://cdn.petsplace.nl/media/mf_webp/jpg/media/catalog/product/cache/51683dc2574b5d5c6b813bcbcc9e3c67/1/8/9046_181633_1.webp
Pets place,Knaagdier,Konijnenvoer,Beaphar,Beaphar Care Plus Konijn Junior - Konijnenvoer - 1.5 kg,"13,50","13,50",0,Konijn,https://www.petsplace.nl/beaphar-care-plus-konijn-junior-konijnenvoer-m-8711231184262-pps,https://cdn.petsplace.nl/media/mf_webp/jpg/media/catalog/product/cache/51683dc2574b5d5c6b813bcbcc9e3c67/1/8/4582_181634_1.webp
Pets place,Knaagdier,Konijnenvoer,Beaphar,Beaphar Care Plus Konijn Junior - Konijnenvoer - 10 kg,"51,45","51,45",0,Konijn,https://www.petsplace.nl/beaphar-care-plus-konijn-junior-konijnenvoer-m-8711231184262-pps,https://cdn.petsplace.nl/media/mf_webp/jpg/media/catalog/product/cache/51683dc2574b5d5c6b813bcbcc9e3c67/1/8/7415_181635_1.webp
Pets place,Knaagdier,Konijnenvoer,Versele-Laga Crispy,Versele-Laga Crispy Pellets  Rabbit&Herbivor - Konijnenvoer - 25 kg,"44,45","44,45",0,Konijn,https://www.petsplace.nl/versele-laga-crispy-pellets-rabbit-herbivor-konijnenvoer-5410340615027-pps,https://cdn.petsplace.nl/media/mf_webp/jpg/media/catalog/product/cache/51683dc2574b5d5c6b813bcbcc9e3c67/1/8/7260_181566_1.webp
Pets place,Knaagdier,Konijnenvoer,Versele-Laga Nature,Versele-Laga Nature Cuni Fibrefood - Konijnenvoer - 1 kg,"9,69","9,69",0,Konijn,https://www.petsplace.nl/versele-laga-nature-cuni-fibrefood-konijnenvoer-m-5410340614266-pps,https://cdn.petsplace.nl/media/mf_webp/jpg/media/catalog/product/cache/51683dc2574b5d5c6b813bcbcc9e3c67/1/0/2316_10025801_1.webp
Pets place,Knaagdier,Konijnenvoer,Versele-Laga Nature,Versele-Laga Nature Cuni Fibrefood - Konijnenvoer - 2.75 kg,"20,99","20,99",0,Konijn,https://www.petsplace.nl/versele-laga-nature-cuni-fibrefood-konijnenvoer-m-5410340614266-pps,https://cdn.petsplace.nl/media/mf_webp/jpg/media/catalog/product/cache/51683dc2574b5d5c6b813bcbcc9e3c67/1/0/2370_10025802_1.webp
Pets place,Knaagdier,Konijnenvoer,Versele-Laga Nature,Versele-Laga Nature Cuni Fibrefood - Konijnenvoer - 8 kg,"40,45","40,45",0,Konijn,https://www.petsplace.nl/versele-laga-nature-cuni-fibrefood-konijnenvoer-m-5410340614266-pps,https://cdn.petsplace.nl/media/mf_webp/jpg/media/catalog/product/cache/51683dc2574b5d5c6b813bcbcc9e3c67/1/0/1795_10025803_1.webp
Pets place,Knaagdier,Konijnenvoer,HobbyFirst Hope Farms,Hobbyfirst Hope Farms Rabbit Mix - Konijnenvoer - 3 kg,"7,39","7,39",0,Konijn,https://www.petsplace.nl/hobbyfirst-hope-farms-rabbit-mix-konijnenvoer-5400515004022-pps,https://cdn.petsplace.nl/media/mf_webp/jpg/media/catalog/product/cache/51683dc2574b5d5c6b813bcbcc9e3c67/1/0/6169_10046023_1.webp
Pets place,Knaagdier,Konijnenvoer,Versele-Laga Country`s Best,Versele-Laga Country`s Best Cuni Top Plus - Konijnenkorrel - Konijnenvoer - 20 kg,"22,59","22,59",0,Konijn,https://www.petsplace.nl/versele-laga-country-s-best-cuni-top-plus-konijnenkorrel-konijnenvoer-5410340510032-pps,https://cdn.petsplace.nl/media/mf_webp/jpg/media/catalog/product/cache/51683dc2574b5d5c6b813bcbcc9e3c67/1/0/1689_100831_1.webp
Pets place,Knaagdier,Konijnenvoer,Versele-Laga Country`s Best,Versele-Laga Country`s Best Cuni Sensitive - Light Korrel - Konijnenvoer - 20 kg,"22,69","22,69",0,Konijn,https://www.petsplace.nl/versele-laga-country-s-best-cuni-sensitive-light-korrel-konijnenvoer-5410340510056-pps,https://cdn.petsplace.nl/media/mf_webp/jpg/media/catalog/product/cache/51683dc2574b5d5c6b813bcbcc9e3c67/1/8/5613_182392_1.webp
Pets place,Knaagdier,Konijnenvoer,HobbyFirst Hope Farms,Hobbyfirst Hope Farms Rabbit Junior Complete - Konijnenvoer - 1.5 kg,"6,49","6,49",0,Konijn,https://www.petsplace.nl/hobbyfirst-hope-farms-rabbit-junior-complete-konijnenvoer-5400515002318-pps,https://cdn.petsplace.nl/media/mf_webp/jpg/media/catalog/product/cache/51683dc2574b5d5c6b813bcbcc9e3c67/1/0/9913_10046006_1.webp
Pets place,Knaagdier,Konijnenvoer,Versele-Laga Nature,Versele-Laga Nature Cuni Cashback - Konijnenvoer - 700 g,"4,99","4,99",0,Konijn,https://www.petsplace.nl/versele-laga-nature-cuni-cashback-konijnenvoer-5410340614761-pps,https://cdn.petsplace.nl/media/mf_webp/jpg/media/catalog/product/cache/51683dc2574b5d5c6b813bcbcc9e3c67/3/0/8022_30024767_1.webp
Pets place,Knaagdier,Konijnenvoer,Vitakraft,Vitakraft Emotion Beauty Selection Junior Konijn - Konijnenvoer - 600 g,"5,99","5,99",0,Konijn,https://www.petsplace.nl/vitakraft-emotion-beauty-selection-junior-konijn-konijnenvoer-4008239314543-pps,https://cdn.petsplace.nl/media/mf_webp/jpg/media/catalog/product/cache/51683dc2574b5d5c6b813bcbcc9e3c67/3/4/1186_341951_1.webp
Pets place,Knaagdier,Konijnenvoer,Versele-Laga Nature,Versele-Laga Nature Original Cuni - Konijnenvoer - 750 g,"4,99","4,99",0,Konijn,https://www.petsplace.nl/versele-laga-nature-original-cuni-konijnenvoer-m-5410340614556-pps,https://cdn.petsplace.nl/media/mf_webp/jpg/media/catalog/product/cache/51683dc2574b5d5c6b813bcbcc9e3c67/1/0/2784_10054640_1.webp
Pets place,Knaagdier,Konijnenvoer,Versele-Laga Nature,Versele-Laga Nature Original Cuni - Konijnenvoer - 2.5 kg,"13,69","13,69",0,Konijn,https://www.petsplace.nl/versele-laga-nature-original-cuni-konijnenvoer-m-5410340614556-pps,https://cdn.petsplace.nl/media/mf_webp/jpg/media/catalog/product/cache/51683dc2574b5d5c6b813bcbcc9e3c67/1/0/4059_10054646_1.webp
Pets place,Knaagdier,Konijnenvoer,Versele-Laga Nature,Versele-Laga Nature Original Cuni - Konijnenvoer - 9 kg,"34,45","34,45",0,Konijn,https://www.petsplace.nl/versele-laga-nature-original-cuni-konijnenvoer-m-5410340614556-pps,https://cdn.petsplace.nl/media/mf_webp/jpg/media/catalog/product/cache/51683dc2574b5d5c6b813bcbcc9e3c67/3/0/8334_30015340_1.webp
Pets place,Knaagdier,Caviavoer,Supreme,Supreme Science Selective Guinea Pig - Caviavoer - 1.5 kg,"12,59","12,59",0,Cavia,https://www.petsplace.nl/supreme-science-selective-guinea-pig-caviavoer-m-5015622208067-pps,https://cdn.petsplace.nl/media/mf_webp/jpg/media/catalog/product/cache/51683dc2574b5d5c6b813bcbcc9e3c67/3/0/7020_300010_1.webp
Pets place,Knaagdier,Caviavoer,Supreme,Supreme Science Selective Guinea Pig - Caviavoer - 3 kg,"21,59","21,59",0,Cavia,https://www.petsplace.nl/supreme-science-selective-guinea-pig-caviavoer-m-5015622208067-pps,https://cdn.petsplace.nl/media/mf_webp/jpg/media/catalog/product/cache/51683dc2574b5d5c6b813bcbcc9e3c67/3/0/6419_300254_1.webp
Pets place,Knaagdier,Caviavoer,Supreme,Supreme Science Selective Guinea Pig - Caviavoer - 10 kg,"48,45","48,45",0,Cavia,https://www.petsplace.nl/supreme-science-selective-guinea-pig-caviavoer-m-5015622208067-pps,https://cdn.petsplace.nl/media/mf_webp/jpg/media/catalog/product/cache/51683dc2574b5d5c6b813bcbcc9e3c67/1/0/8007_10045683_1.webp
Pets place,Knaagdier,Caviavoer,Versele-Laga Crispy,Versele-Laga Crispy Pellets Cavia - Caviavoer - 2 kg,"8,39","8,39",0,Cavia,https://www.petsplace.nl/versele-laga-crispy-pellets-cavia-caviavoer-m-5410340611623-pps,https://cdn.petsplace.nl/media/mf_webp/jpg/media/catalog/product/cache/51683dc2574b5d5c6b813bcbcc9e3c67/1/8/7149_181559_1.webp
Pets place,Knaagdier,Caviavoer,Versele-Laga Crispy,Versele-Laga Crispy Pellets Cavia - Caviavoer - 25 kg,"41,15","41,15",0,Cavia,https://www.petsplace.nl/versele-laga-crispy-pellets-cavia-caviavoer-m-5410340611623-pps,https://cdn.petsplace.nl/media/mf_webp/jpg/media/catalog/product/cache/51683dc2574b5d5c6b813bcbcc9e3c67/1/8/8285_181560_1.webp
Pets place,Knaagdier,Caviavoer,HobbyFirst Hope Farms,Hobbyfirst Hope Farms Guinea Pig Granola - Caviavoer - 800 g,"5,09","5,09",0,Cavia,https://www.petsplace.nl/hobbyfirst-hope-farms-guinea-pig-granola-caviavoer-m-5400515004169-pps,https://cdn.petsplace.nl/media/mf_webp/jpg/media/catalog/product/cache/51683dc2574b5d5c6b813bcbcc9e3c67/1/0/1128_10046074_1.webp
Pets place,Knaagdier,Caviavoer,HobbyFirst Hope Farms,Hobbyfirst Hope Farms Guinea Pig Granola - Caviavoer - 2 kg,"10,99","10,99",0,Cavia,https://www.petsplace.nl/hobbyfirst-hope-farms-guinea-pig-granola-caviavoer-m-5400515004169-pps,https://cdn.petsplace.nl/media/mf_webp/jpg/media/catalog/product/cache/51683dc2574b5d5c6b813bcbcc9e3c67/1/0/9562_10046075_1.webp
Pets place,Knaagdier,Caviavoer,HobbyFirst Hope Farms,Hobbyfirst Hope Farms Guinea Pig Granola - Caviavoer - 10 kg,"40,49","40,49",0,Cavia,https://www.petsplace.nl/hobbyfirst-hope-farms-guinea-pig-granola-caviavoer-m-5400515004169-pps,https://cdn.petsplace.nl/media/mf_webp/jpg/media/catalog/product/cache/51683dc2574b5d5c6b813bcbcc9e3c67/1/0/7304_10046076_1.webp
Pets place,Knaagdier,Caviavoer,Versele-Laga Complete,Versele-Laga Complete Cavia - Caviavoer - 350+150 g Promo,"3,14","3,14",0,Cavia,https://www.petsplace.nl/versele-laga-complete-cavia-caviavoer-m-5410340612514-pps,https://cdn.petsplace.nl/media/mf_webp/jpg/media/catalog/product/cache/51683dc2574b5d5c6b813bcbcc9e3c67/7/9/3344_791683_1.webp
Pets place,Knaagdier,Caviavoer,Versele-Laga Complete,Versele-Laga Complete Cavia - Caviavoer - 500 g,"5,99","5,99",0,Cavia,https://www.petsplace.nl/versele-laga-complete-cavia-caviavoer-m-5410340612514-pps,https://cdn.petsplace.nl/media/mf_webp/jpg/media/catalog/product/cache/51683dc2574b5d5c6b813bcbcc9e3c67/1/8/2393_181537_1.webp
Pets place,Knaagdier,Caviavoer,Versele-Laga Complete,Versele-Laga Complete Cavia - Caviavoer - 1.75 kg,"17,60","17,60",0,Cavia,https://www.petsplace.nl/versele-laga-complete-cavia-caviavoer-m-5410340612514-pps,https://cdn.petsplace.nl/media/mf_webp/jpg/media/catalog/product/cache/51683dc2574b5d5c6b813bcbcc9e3c67/1/8/3779_182715_1.webp
Pets place,Knaagdier,Caviavoer,Versele-Laga Complete,Versele-Laga Complete Cavia - Caviavoer - 8 kg,"58,65","58,65",0,Cavia,https://www.petsplace.nl/versele-laga-complete-cavia-caviavoer-m-5410340612514-pps,https://cdn.petsplace.nl/media/mf_webp/jpg/media/catalog/product/cache/51683dc2574b5d5c6b813bcbcc9e3c67/3/4/2992_342707_1.webp
Pets place,Knaagdier,Caviavoer,Versele-Laga Crispy,Versele-Laga Crispy Muesli Cavia's - Caviavoer - 3.15 kg,"8,89","8,89",0,Cavia,https://www.petsplace.nl/versele-laga-crispy-muesli-cavias-caviavoer-m-5410340617113-pps,https://cdn.petsplace.nl/media/mf_webp/jpg/media/catalog/product/cache/51683dc2574b5d5c6b813bcbcc9e3c67/1/0/5840_10054307_1.webp
Pets place,Knaagdier,Caviavoer,Versele-Laga Crispy,Versele-Laga Crispy Muesli Cavia's - Caviavoer - 400 g,"1,99","1,99",0,Cavia,https://www.petsplace.nl/versele-laga-crispy-muesli-cavias-caviavoer-m-5410340617113-pps,https://cdn.petsplace.nl/media/mf_webp/jpg/media/catalog/product/cache/51683dc2574b5d5c6b813bcbcc9e3c67/1/0/1434_10054645_1.webp
Pets place,Knaagdier,Caviavoer,Versele-Laga Crispy,Versele-Laga Crispy Muesli Cavia's - Caviavoer - 1 kg,"3,69","3,69",0,Cavia,https://www.petsplace.nl/versele-laga-crispy-muesli-cavias-caviavoer-m-5410340617113-pps,https://cdn.petsplace.nl/media/mf_webp/jpg/media/catalog/product/cache/51683dc2574b5d5c6b813bcbcc9e3c67/1/0/3619_100754_1.webp
Pets place,Knaagdier,Caviavoer,Versele-Laga Crispy,Versele-Laga Crispy Muesli Cavia's - Caviavoer - 2.75 kg,"8,89","8,89",0,Cavia,https://www.petsplace.nl/versele-laga-crispy-muesli-cavias-caviavoer-m-5410340617113-pps,https://cdn.petsplace.nl/media/mf_webp/jpg/media/catalog/product/cache/51683dc2574b5d5c6b813bcbcc9e3c67/1/0/1997_100748_1.webp
Pets place,Knaagdier,Caviavoer,Versele-Laga Crispy,Versele-Laga Crispy Muesli Cavia's - Caviavoer - 9+1 kg,"15,69","15,69",0,Cavia,https://www.petsplace.nl/versele-laga-crispy-muesli-cavias-caviavoer-m-5410340617113-pps,https://cdn.petsplace.nl/media/mf_webp/jpg/media/catalog/product/cache/51683dc2574b5d5c6b813bcbcc9e3c67/1/0/6170_10053841_1.webp
Pets place,Knaagdier,Caviavoer,Versele-Laga Crispy,Versele-Laga Crispy Muesli Cavia's - Caviavoer - 10 kg,"17,49","17,49",0,Cavia,https://www.petsplace.nl/versele-laga-crispy-muesli-cavias-caviavoer-m-5410340617113-pps,https://cdn.petsplace.nl/media/mf_webp/jpg/media/catalog/product/cache/51683dc2574b5d5c6b813bcbcc9e3c67/1/0/1150_10053930_1.webp
Pets place,Knaagdier,Caviavoer,Versele-Laga Crispy,Versele-Laga Crispy Muesli Cavia's - Caviavoer - 20 kg,"34,00","34,00",0,Cavia,https://www.petsplace.nl/versele-laga-crispy-muesli-cavias-caviavoer-m-5410340617113-pps,https://cdn.petsplace.nl/media/mf_webp/jpg/media/catalog/product/cache/51683dc2574b5d5c6b813bcbcc9e3c67/1/8/9834_181553_1.webp
Pets place,Knaagdier,Caviavoer,Kasper Faunafood,Kasper Faunafood Caviakorrel - Caviavoer - 4 kg,"10,29","10,29",0,Cavia,https://www.petsplace.nl/kasper-faunafood-caviakorrel-caviavoer-m-8712014100066-pps,https://cdn.petsplace.nl/media/mf_webp/jpg/media/catalog/product/cache/51683dc2574b5d5c6b813bcbcc9e3c67/1/8/5527_181507_1.webp
Pets place,Knaagdier,Caviavoer,Kasper Faunafood,Kasper Faunafood Caviakorrel - Caviavoer - 20 kg,"27,79","27,79",0,Cavia,https://www.petsplace.nl/kasper-faunafood-caviakorrel-caviavoer-m-8712014100066-pps,https://cdn.petsplace.nl/media/mf_webp/jpg/media/catalog/product/cache/51683dc2574b5d5c6b813bcbcc9e3c67/3/3/9707_338615_1.webp
Pets place,Knaagdier,Caviavoer,Tiny Friends Farm,Tiny Friends Farm Gerty Guinea Pig Original - Caviavoer - 850 g,"4,79","4,79",0,Cavia,https://www.petsplace.nl/tiny-friends-farm-gerty-guinea-pig-original-caviavoer-m-5015622204816-pps,https://cdn.petsplace.nl/media/mf_webp/jpg/media/catalog/product/cache/51683dc2574b5d5c6b813bcbcc9e3c67/2/0/9281_200282_1.webp
Pets place,Knaagdier,Caviavoer,Tiny Friends Farm,Tiny Friends Farm Gerty Guinea Pig Original - Caviavoer - 2.5 kg,"9,89","9,89",0,Cavia,https://www.petsplace.nl/tiny-friends-farm-gerty-guinea-pig-original-caviavoer-m-5015622204816-pps,https://cdn.petsplace.nl/media/mf_webp/jpg/media/catalog/product/cache/51683dc2574b5d5c6b813bcbcc9e3c67/2/0/9192_200277_1.webp
Pets place,Knaagdier,Caviavoer,Tiny Friends Farm,Tiny Friends Farm Gerty Guinea Pig Original - Caviavoer - 5 kg,"21,89","21,89",0,Cavia,https://www.petsplace.nl/tiny-friends-farm-gerty-guinea-pig-original-caviavoer-m-5015622204816-pps,https://cdn.petsplace.nl/media/mf_webp/jpg/media/catalog/product/cache/51683dc2574b5d5c6b813bcbcc9e3c67/3/0/7256_300152_1.webp
Pets place,Knaagdier,Caviavoer,Tiny Friends Farm,Tiny Friends Farm Gerty Guinea Pig Original - Caviavoer - 12.5 kg,"39,95","39,95",0,Cavia,https://www.petsplace.nl/tiny-friends-farm-gerty-guinea-pig-original-caviavoer-m-5015622204816-pps,https://cdn.petsplace.nl/media/mf_webp/jpg/media/catalog/product/cache/51683dc2574b5d5c6b813bcbcc9e3c67/3/0/7110_300245_1.webp
Pets place,Knaagdier,Caviavoer,Versele-Laga Nature,Versele-Laga Nature Cavia - Caviavoer - 700 g,"5,49","5,49",0,Cavia,https://www.petsplace.nl/versele-laga-nature-cavia-caviavoer-m-5410340614099-pps,https://cdn.petsplace.nl/media/mf_webp/jpg/media/catalog/product/cache/51683dc2574b5d5c6b813bcbcc9e3c67/1/0/7675_10025787_1.webp
Pets place,Knaagdier,Caviavoer,Versele-Laga Nature,Versele-Laga Nature Cavia - Caviavoer - 2.3 kg,"14,29","14,29",0,Cavia,https://www.petsplace.nl/versele-laga-nature-cavia-caviavoer-m-5410340614099-pps,https://cdn.petsplace.nl/media/mf_webp/jpg/media/catalog/product/cache/51683dc2574b5d5c6b813bcbcc9e3c67/1/0/6389_10025786_1.webp
Pets place,Knaagdier,Caviavoer,Versele-Laga Nature,Versele-Laga Nature Cavia - Caviavoer - 9 kg,"37,45","37,45",0,Cavia,https://www.petsplace.nl/versele-laga-nature-cavia-caviavoer-m-5410340614099-pps,https://cdn.petsplace.nl/media/mf_webp/jpg/media/catalog/product/cache/51683dc2574b5d5c6b813bcbcc9e3c67/1/0/4805_10025785_1.webp
Pets place,Knaagdier,Caviavoer,Tiny Friends Farm,Tiny Friends Farm Gerty Guinea Pig Tasty Mix - Caviavoer - 2.5 kg,"11,99","11,99",0,Cavia,https://www.petsplace.nl/tiny-friends-farm-gerty-guinea-pig-tasty-mix-caviavoer-m-730582000630-pps,https://cdn.petsplace.nl/media/mf_webp/jpg/media/catalog/product/cache/51683dc2574b5d5c6b813bcbcc9e3c67/3/0/6770_30001447_1.webp
Pets place,Knaagdier,Caviavoer,Tiny Friends Farm,Tiny Friends Farm Gerty Guinea Pig Tasty Mix Emmer - Caviavoer - 4.5 kg,"17,49","17,49",0,Cavia,https://www.petsplace.nl/tiny-friends-farm-gerty-guinea-pig-tasty-mix-caviavoer-m-730582000630-pps,https://cdn.petsplace.nl/media/mf_webp/jpg/media/catalog/product/cache/51683dc2574b5d5c6b813bcbcc9e3c67/3/0/7283_30013925_1.webp
Pets place,Knaagdier,Caviavoer,Versele-Laga Classic,Versele-Laga Classic Cavia - Caviavoer - 4 kg Standaard,"6,59","6,59",0,Cavia,https://www.petsplace.nl/versele-laga-classic-cavia-caviavoer-5410340616024-pps,https://cdn.petsplace.nl/media/mf_webp/jpg/media/catalog/product/cache/51683dc2574b5d5c6b813bcbcc9e3c67/1/9/2597_199121_1.webp
Pets place,Knaagdier,Caviavoer,HobbyFirst Hope Farms,Hobbyfirst Hope Farms Guinea Pig Complete - Caviavoer - 1.5 kg,"7,69","7,69",0,Cavia,https://www.petsplace.nl/hobbyfirst-hope-farms-guinea-pig-complete-caviavoer-m-5400515004084-pps,https://cdn.petsplace.nl/media/mf_webp/jpg/media/catalog/product/cache/51683dc2574b5d5c6b813bcbcc9e3c67/1/0/7797_10046010_1.webp
Pets place,Knaagdier,Caviavoer,HobbyFirst Hope Farms,Hobbyfirst Hope Farms Guinea Pig Complete - Caviavoer - 3 kg,"11,79","11,79",0,Cavia,https://www.petsplace.nl/hobbyfirst-hope-farms-guinea-pig-complete-caviavoer-m-5400515004084-pps,https://cdn.petsplace.nl/media/mf_webp/jpg/media/catalog/product/cache/51683dc2574b5d5c6b813bcbcc9e3c67/1/0/1552_10046011_1.webp
Pets place,Knaagdier,Caviavoer,HobbyFirst Hope Farms,Hobbyfirst Hope Farms Guinea Pig Complete - Caviavoer - 10 kg,"30,95","30,95",0,Cavia,https://www.petsplace.nl/hobbyfirst-hope-farms-guinea-pig-complete-caviavoer-m-5400515004084-pps,https://cdn.petsplace.nl/media/mf_webp/jpg/media/catalog/product/cache/51683dc2574b5d5c6b813bcbcc9e3c67/1/0/1255_10046012_1.webp
Pets place,Knaagdier,Caviavoer,HobbyFirst Hope Farms,Hobbyfirst Hope Farms Guinea Pig Pellet - Caviavoer - 4 kg,"8,89","8,89",0,Cavia,https://www.petsplace.nl/hobbyfirst-hope-farms-guinea-pig-pellet-caviavoer-5400515004077-pps,https://cdn.petsplace.nl/media/mf_webp/jpg/media/catalog/product/cache/51683dc2574b5d5c6b813bcbcc9e3c67/1/0/3780_10046005_1.webp
Pets place,Knaagdier,Caviavoer,HobbyFirst Hope Farms,Hobbyfirst Hope Farms Guinea Pig Balance - Caviavoer - 1.5 kg,"10,19","10,19",0,Cavia,https://www.petsplace.nl/hobbyfirst-hope-farms-guinea-pig-balance-caviavoer-m-5400515004114-pps,https://cdn.petsplace.nl/media/mf_webp/jpg/media/catalog/product/cache/51683dc2574b5d5c6b813bcbcc9e3c67/1/0/9848_10046018_1.webp
Pets place,Knaagdier,Caviavoer,HobbyFirst Hope Farms,Hobbyfirst Hope Farms Guinea Pig Balance - Caviavoer - 5 kg,"30,95","30,95",0,Cavia,https://www.petsplace.nl/hobbyfirst-hope-farms-guinea-pig-balance-caviavoer-m-5400515004114-pps,https://cdn.petsplace.nl/media/mf_webp/jpg/media/catalog/product/cache/51683dc2574b5d5c6b813bcbcc9e3c67/1/0/9610_10046019_1.webp
Pets place,Knaagdier,Caviavoer,Supreme,Supreme Science Selective Guinea Pig Graanvrij - Caviavoer - 1.5 kg,"16,69","16,69",0,Cavia,https://www.petsplace.nl/supreme-science-selective-guinea-pig-graanvrij-caviavoer-730582000159-pps,https://cdn.petsplace.nl/media/mf_webp/jpg/media/catalog/product/cache/51683dc2574b5d5c6b813bcbcc9e3c67/3/4/6522_340634_1.webp
Pets place,Knaagdier,Caviavoer,Beaphar,Beaphar Care Plus Cavia - Caviavoer - 250 g,"3,85","3,85",0,Cavia,https://www.petsplace.nl/beaphar-care-plus-cavia-caviavoer-m-8711231184200-pps,https://cdn.petsplace.nl/media/mf_webp/jpg/media/catalog/product/cache/51683dc2574b5d5c6b813bcbcc9e3c67/1/8/6047_181613_1.webp
Pets place,Knaagdier,Caviavoer,Beaphar,Beaphar Care Plus Cavia - Caviavoer - 1.5 kg,"13,95","13,95",0,Cavia,https://www.petsplace.nl/beaphar-care-plus-cavia-caviavoer-m-8711231184200-pps,https://cdn.petsplace.nl/media/mf_webp/jpg/media/catalog/product/cache/51683dc2574b5d5c6b813bcbcc9e3c67/1/8/5589_181614_1.webp
Pets place,Knaagdier,Caviavoer,Beaphar,Beaphar Care Plus Cavia - Caviavoer - 5 kg,"34,95","34,95",0,Cavia,https://www.petsplace.nl/beaphar-care-plus-cavia-caviavoer-m-8711231184200-pps,https://cdn.petsplace.nl/media/mf_webp/jpg/media/catalog/product/cache/51683dc2574b5d5c6b813bcbcc9e3c67/1/8/4242_181615_1.webp
Pets place,Knaagdier,Caviavoer,Beaphar,Beaphar Care Plus Cavia - Caviavoer - 10 kg,"59,45","59,45",0,Cavia,https://www.petsplace.nl/beaphar-care-plus-cavia-caviavoer-m-8711231184200-pps,https://cdn.petsplace.nl/media/mf_webp/jpg/media/catalog/product/cache/51683dc2574b5d5c6b813bcbcc9e3c67/1/8/6018_181616_1.webp
Pets place,Knaagdier,Caviavoer,Vitakraft,Vitakraft Menu Vital Cavia - Caviavoer - 1 kg,"5,79","5,79",0,Cavia,https://www.petsplace.nl/vitakraft-menu-vital-cavia-caviavoer-m-4008239292209-pps,https://cdn.petsplace.nl/media/mf_webp/jpg/media/catalog/product/cache/51683dc2574b5d5c6b813bcbcc9e3c67/3/0/4931_30019626_1.webp
Pets place,Knaagdier,Caviavoer,Vitakraft,Vitakraft Menu Vital Cavia - Caviavoer - 3 kg,"15,99","15,99",0,Cavia,https://www.petsplace.nl/vitakraft-menu-vital-cavia-caviavoer-m-4008239292209-pps,https://cdn.petsplace.nl/media/mf_webp/jpg/media/catalog/product/cache/51683dc2574b5d5c6b813bcbcc9e3c67/3/0/7067_30019635_1.webp
Pets place,Knaagdier,Caviavoer,Supreme,Supreme Science Selective Guinea Pig - Caviavoer - 1.5 kg,"12,59","12,59",0,Cavia,https://www.petsplace.nl/supreme-science-selective-guinea-pig-caviavoer-m-5015622208067-pps,https://cdn.petsplace.nl/media/mf_webp/jpg/media/catalog/product/cache/51683dc2574b5d5c6b813bcbcc9e3c67/3/0/7020_300010_1.webp
Pets place,Knaagdier,Caviavoer,Supreme,Supreme Science Selective Guinea Pig - Caviavoer - 3 kg,"21,59","21,59",0,Cavia,https://www.petsplace.nl/supreme-science-selective-guinea-pig-caviavoer-m-5015622208067-pps,https://cdn.petsplace.nl/media/mf_webp/jpg/media/catalog/product/cache/51683dc2574b5d5c6b813bcbcc9e3c67/3/0/6419_300254_1.webp
Pets place,Knaagdier,Caviavoer,Supreme,Supreme Science Selective Guinea Pig - Caviavoer - 10 kg,"48,45","48,45",0,Cavia,https://www.petsplace.nl/supreme-science-selective-guinea-pig-caviavoer-m-5015622208067-pps,https://cdn.petsplace.nl/media/mf_webp/jpg/media/catalog/product/cache/51683dc2574b5d5c6b813bcbcc9e3c67/1/0/8007_10045683_1.webp
Pets place,Knaagdier,Caviavoer,Versele-Laga Crispy,Versele-Laga Crispy Pellets Cavia - Caviavoer - 2 kg,"8,39","8,39",0,Cavia,https://www.petsplace.nl/versele-laga-crispy-pellets-cavia-caviavoer-m-5410340611623-pps,https://cdn.petsplace.nl/media/mf_webp/jpg/media/catalog/product/cache/51683dc2574b5d5c6b813bcbcc9e3c67/1/8/7149_181559_1.webp
Pets place,Knaagdier,Caviavoer,Versele-Laga Crispy,Versele-Laga Crispy Pellets Cavia - Caviavoer - 25 kg,"41,15","41,15",0,Cavia,https://www.petsplace.nl/versele-laga-crispy-pellets-cavia-caviavoer-m-5410340611623-pps,https://cdn.petsplace.nl/media/mf_webp/jpg/media/catalog/product/cache/51683dc2574b5d5c6b813bcbcc9e3c67/1/8/8285_181560_1.webp
Pets place,Knaagdier,Caviavoer,HobbyFirst Hope Farms,Hobbyfirst Hope Farms Guinea Pig Granola - Caviavoer - 800 g,"5,09","5,09",0,Cavia,https://www.petsplace.nl/hobbyfirst-hope-farms-guinea-pig-granola-caviavoer-m-5400515004169-pps,https://cdn.petsplace.nl/media/mf_webp/jpg/media/catalog/product/cache/51683dc2574b5d5c6b813bcbcc9e3c67/1/0/1128_10046074_1.webp
Pets place,Knaagdier,Caviavoer,HobbyFirst Hope Farms,Hobbyfirst Hope Farms Guinea Pig Granola - Caviavoer - 2 kg,"10,99","10,99",0,Cavia,https://www.petsplace.nl/hobbyfirst-hope-farms-guinea-pig-granola-caviavoer-m-5400515004169-pps,https://cdn.petsplace.nl/media/mf_webp/jpg/media/catalog/product/cache/51683dc2574b5d5c6b813bcbcc9e3c67/1/0/9562_10046075_1.webp
Pets place,Knaagdier,Caviavoer,HobbyFirst Hope Farms,Hobbyfirst Hope Farms Guinea Pig Granola - Caviavoer - 10 kg,"40,49","40,49",0,Cavia,https://www.petsplace.nl/hobbyfirst-hope-farms-guinea-pig-granola-caviavoer-m-5400515004169-pps,https://cdn.petsplace.nl/media/mf_webp/jpg/media/catalog/product/cache/51683dc2574b5d5c6b813bcbcc9e3c67/1/0/7304_10046076_1.webp
Pets place,Knaagdier,Caviavoer,Versele-Laga Complete,Versele-Laga Complete Cavia - Caviavoer - 350+150 g Promo,"3,14","3,14",0,Cavia,https://www.petsplace.nl/versele-laga-complete-cavia-caviavoer-m-5410340612514-pps,https://cdn.petsplace.nl/media/mf_webp/jpg/media/catalog/product/cache/51683dc2574b5d5c6b813bcbcc9e3c67/7/9/3344_791683_1.webp
Pets place,Knaagdier,Caviavoer,Versele-Laga Complete,Versele-Laga Complete Cavia - Caviavoer - 500 g,"5,99","5,99",0,Cavia,https://www.petsplace.nl/versele-laga-complete-cavia-caviavoer-m-5410340612514-pps,https://cdn.petsplace.nl/media/mf_webp/jpg/media/catalog/product/cache/51683dc2574b5d5c6b813bcbcc9e3c67/1/8/2393_181537_1.webp
Pets place,Knaagdier,Caviavoer,Versele-Laga Complete,Versele-Laga Complete Cavia - Caviavoer - 1.75 kg,"17,60","17,60",0,Cavia,https://www.petsplace.nl/versele-laga-complete-cavia-caviavoer-m-5410340612514-pps,https://cdn.petsplace.nl/media/mf_webp/jpg/media/catalog/product/cache/51683dc2574b5d5c6b813bcbcc9e3c67/1/8/3779_182715_1.webp
Pets place,Knaagdier,Caviavoer,Versele-Laga Complete,Versele-Laga Complete Cavia - Caviavoer - 8 kg,"58,65","58,65",0,Cavia,https://www.petsplace.nl/versele-laga-complete-cavia-caviavoer-m-5410340612514-pps,https://cdn.petsplace.nl/media/mf_webp/jpg/media/catalog/product/cache/51683dc2574b5d5c6b813bcbcc9e3c67/3/4/2992_342707_1.webp
Pets place,Knaagdier,Caviavoer,Versele-Laga Crispy,Versele-Laga Crispy Muesli Cavia's - Caviavoer - 3.15 kg,"8,89","8,89",0,Cavia,https://www.petsplace.nl/versele-laga-crispy-muesli-cavias-caviavoer-m-5410340617113-pps,https://cdn.petsplace.nl/media/mf_webp/jpg/media/catalog/product/cache/51683dc2574b5d5c6b813bcbcc9e3c67/1/0/5840_10054307_1.webp
Pets place,Knaagdier,Caviavoer,Versele-Laga Crispy,Versele-Laga Crispy Muesli Cavia's - Caviavoer - 400 g,"1,99","1,99",0,Cavia,https://www.petsplace.nl/versele-laga-crispy-muesli-cavias-caviavoer-m-5410340617113-pps,https://cdn.petsplace.nl/media/mf_webp/jpg/media/catalog/product/cache/51683dc2574b5d5c6b813bcbcc9e3c67/1/0/1434_10054645_1.webp
Pets place,Knaagdier,Caviavoer,Versele-Laga Crispy,Versele-Laga Crispy Muesli Cavia's - Caviavoer - 1 kg,"3,69","3,69",0,Cavia,https://www.petsplace.nl/versele-laga-crispy-muesli-cavias-caviavoer-m-5410340617113-pps,https://cdn.petsplace.nl/media/mf_webp/jpg/media/catalog/product/cache/51683dc2574b5d5c6b813bcbcc9e3c67/1/0/3619_100754_1.webp
Pets place,Knaagdier,Caviavoer,Versele-Laga Crispy,Versele-Laga Crispy Muesli Cavia's - Caviavoer - 2.75 kg,"8,89","8,89",0,Cavia,https://www.petsplace.nl/versele-laga-crispy-muesli-cavias-caviavoer-m-5410340617113-pps,https://cdn.petsplace.nl/media/mf_webp/jpg/media/catalog/product/cache/51683dc2574b5d5c6b813bcbcc9e3c67/1/0/1997_100748_1.webp
Pets place,Knaagdier,Caviavoer,Versele-Laga Crispy,Versele-Laga Crispy Muesli Cavia's - Caviavoer - 9+1 kg,"15,69","15,69",0,Cavia,https://www.petsplace.nl/versele-laga-crispy-muesli-cavias-caviavoer-m-5410340617113-pps,https://cdn.petsplace.nl/media/mf_webp/jpg/media/catalog/product/cache/51683dc2574b5d5c6b813bcbcc9e3c67/1/0/6170_10053841_1.webp
Pets place,Knaagdier,Caviavoer,Versele-Laga Crispy,Versele-Laga Crispy Muesli Cavia's - Caviavoer - 10 kg,"17,49","17,49",0,Cavia,https://www.petsplace.nl/versele-laga-crispy-muesli-cavias-caviavoer-m-5410340617113-pps,https://cdn.petsplace.nl/media/mf_webp/jpg/media/catalog/product/cache/51683dc2574b5d5c6b813bcbcc9e3c67/1/0/1150_10053930_1.webp
Pets place,Knaagdier,Caviavoer,Versele-Laga Crispy,Versele-Laga Crispy Muesli Cavia's - Caviavoer - 20 kg,"34,00","34,00",0,Cavia,https://www.petsplace.nl/versele-laga-crispy-muesli-cavias-caviavoer-m-5410340617113-pps,https://cdn.petsplace.nl/media/mf_webp/jpg/media/catalog/product/cache/51683dc2574b5d5c6b813bcbcc9e3c67/1/8/9834_181553_1.webp
Pets place,Knaagdier,Caviavoer,Kasper Faunafood,Kasper Faunafood Caviakorrel - Caviavoer - 4 kg,"10,29","10,29",0,Cavia,https://www.petsplace.nl/kasper-faunafood-caviakorrel-caviavoer-m-8712014100066-pps,https://cdn.petsplace.nl/media/mf_webp/jpg/media/catalog/product/cache/51683dc2574b5d5c6b813bcbcc9e3c67/1/8/5527_181507_1.webp
Pets place,Knaagdier,Caviavoer,Kasper Faunafood,Kasper Faunafood Caviakorrel - Caviavoer - 20 kg,"27,79","27,79",0,Cavia,https://www.petsplace.nl/kasper-faunafood-caviakorrel-caviavoer-m-8712014100066-pps,https://cdn.petsplace.nl/media/mf_webp/jpg/media/catalog/product/cache/51683dc2574b5d5c6b813bcbcc9e3c67/3/3/9707_338615_1.webp
Pets place,Knaagdier,Caviavoer,Tiny Friends Farm,Tiny Friends Farm Gerty Guinea Pig Original - Caviavoer - 850 g,"4,79","4,79",0,Cavia,https://www.petsplace.nl/tiny-friends-farm-gerty-guinea-pig-original-caviavoer-m-5015622204816-pps,https://cdn.petsplace.nl/media/mf_webp/jpg/media/catalog/product/cache/51683dc2574b5d5c6b813bcbcc9e3c67/2/0/9281_200282_1.webp
Pets place,Knaagdier,Caviavoer,Tiny Friends Farm,Tiny Friends Farm Gerty Guinea Pig Original - Caviavoer - 2.5 kg,"9,89","9,89",0,Cavia,https://www.petsplace.nl/tiny-friends-farm-gerty-guinea-pig-original-caviavoer-m-5015622204816-pps,https://cdn.petsplace.nl/media/mf_webp/jpg/media/catalog/product/cache/51683dc2574b5d5c6b813bcbcc9e3c67/2/0/9192_200277_1.webp
Pets place,Knaagdier,Caviavoer,Tiny Friends Farm,Tiny Friends Farm Gerty Guinea Pig Original - Caviavoer - 5 kg,"21,89","21,89",0,Cavia,https://www.petsplace.nl/tiny-friends-farm-gerty-guinea-pig-original-caviavoer-m-5015622204816-pps,https://cdn.petsplace.nl/media/mf_webp/jpg/media/catalog/product/cache/51683dc2574b5d5c6b813bcbcc9e3c67/3/0/7256_300152_1.webp
Pets place,Knaagdier,Caviavoer,Tiny Friends Farm,Tiny Friends Farm Gerty Guinea Pig Original - Caviavoer - 12.5 kg,"39,95","39,95",0,Cavia,https://www.petsplace.nl/tiny-friends-farm-gerty-guinea-pig-original-caviavoer-m-5015622204816-pps,https://cdn.petsplace.nl/media/mf_webp/jpg/media/catalog/product/cache/51683dc2574b5d5c6b813bcbcc9e3c67/3/0/7110_300245_1.webp
Pets place,Knaagdier,Caviavoer,Versele-Laga Nature,Versele-Laga Nature Cavia - Caviavoer - 700 g,"5,49","5,49",0,Cavia,https://www.petsplace.nl/versele-laga-nature-cavia-caviavoer-m-5410340614099-pps,https://cdn.petsplace.nl/media/mf_webp/jpg/media/catalog/product/cache/51683dc2574b5d5c6b813bcbcc9e3c67/1/0/7675_10025787_1.webp
Pets place,Knaagdier,Caviavoer,Versele-Laga Nature,Versele-Laga Nature Cavia - Caviavoer - 2.3 kg,"14,29","14,29",0,Cavia,https://www.petsplace.nl/versele-laga-nature-cavia-caviavoer-m-5410340614099-pps,https://cdn.petsplace.nl/media/mf_webp/jpg/media/catalog/product/cache/51683dc2574b5d5c6b813bcbcc9e3c67/1/0/6389_10025786_1.webp
Pets place,Knaagdier,Caviavoer,Versele-Laga Nature,Versele-Laga Nature Cavia - Caviavoer - 9 kg,"37,45","37,45",0,Cavia,https://www.petsplace.nl/versele-laga-nature-cavia-caviavoer-m-5410340614099-pps,https://cdn.petsplace.nl/media/mf_webp/jpg/media/catalog/product/cache/51683dc2574b5d5c6b813bcbcc9e3c67/1/0/4805_10025785_1.webp
Pets place,Knaagdier,Caviavoer,Tiny Friends Farm,Tiny Friends Farm Gerty Guinea Pig Tasty Mix - Caviavoer - 2.5 kg,"11,99","11,99",0,Cavia,https://www.petsplace.nl/tiny-friends-farm-gerty-guinea-pig-tasty-mix-caviavoer-m-730582000630-pps,https://cdn.petsplace.nl/media/mf_webp/jpg/media/catalog/product/cache/51683dc2574b5d5c6b813bcbcc9e3c67/3/0/6770_30001447_1.webp
Pets place,Knaagdier,Caviavoer,Tiny Friends Farm,Tiny Friends Farm Gerty Guinea Pig Tasty Mix Emmer - Caviavoer - 4.5 kg,"17,49","17,49",0,Cavia,https://www.petsplace.nl/tiny-friends-farm-gerty-guinea-pig-tasty-mix-caviavoer-m-730582000630-pps,https://cdn.petsplace.nl/media/mf_webp/jpg/media/catalog/product/cache/51683dc2574b5d5c6b813bcbcc9e3c67/3/0/7283_30013925_1.webp
Pets place,Knaagdier,Caviavoer,Versele-Laga Classic,Versele-Laga Classic Cavia - Caviavoer - 4 kg Standaard,"6,59","6,59",0,Cavia,https://www.petsplace.nl/versele-laga-classic-cavia-caviavoer-5410340616024-pps,https://cdn.petsplace.nl/media/mf_webp/jpg/media/catalog/product/cache/51683dc2574b5d5c6b813bcbcc9e3c67/1/9/2597_199121_1.webp
Pets place,Knaagdier,Caviavoer,HobbyFirst Hope Farms,Hobbyfirst Hope Farms Guinea Pig Complete - Caviavoer - 1.5 kg,"7,69","7,69",0,Cavia,https://www.petsplace.nl/hobbyfirst-hope-farms-guinea-pig-complete-caviavoer-m-5400515004084-pps,https://cdn.petsplace.nl/media/mf_webp/jpg/media/catalog/product/cache/51683dc2574b5d5c6b813bcbcc9e3c67/1/0/7797_10046010_1.webp
Pets place,Knaagdier,Caviavoer,HobbyFirst Hope Farms,Hobbyfirst Hope Farms Guinea Pig Complete - Caviavoer - 3 kg,"11,79","11,79",0,Cavia,https://www.petsplace.nl/hobbyfirst-hope-farms-guinea-pig-complete-caviavoer-m-5400515004084-pps,https://cdn.petsplace.nl/media/mf_webp/jpg/media/catalog/product/cache/51683dc2574b5d5c6b813bcbcc9e3c67/1/0/1552_10046011_1.webp
Pets place,Knaagdier,Caviavoer,HobbyFirst Hope Farms,Hobbyfirst Hope Farms Guinea Pig Complete - Caviavoer - 10 kg,"30,95","30,95",0,Cavia,https://www.petsplace.nl/hobbyfirst-hope-farms-guinea-pig-complete-caviavoer-m-5400515004084-pps,https://cdn.petsplace.nl/media/mf_webp/jpg/media/catalog/product/cache/51683dc2574b5d5c6b813bcbcc9e3c67/1/0/1255_10046012_1.webp
Pets place,Knaagdier,Caviavoer,HobbyFirst Hope Farms,Hobbyfirst Hope Farms Guinea Pig Pellet - Caviavoer - 4 kg,"8,89","8,89",0,Cavia,https://www.petsplace.nl/hobbyfirst-hope-farms-guinea-pig-pellet-caviavoer-5400515004077-pps,https://cdn.petsplace.nl/media/mf_webp/jpg/media/catalog/product/cache/51683dc2574b5d5c6b813bcbcc9e3c67/1/0/3780_10046005_1.webp
Pets place,Knaagdier,Caviavoer,HobbyFirst Hope Farms,Hobbyfirst Hope Farms Guinea Pig Balance - Caviavoer - 1.5 kg,"10,19","10,19",0,Cavia,https://www.petsplace.nl/hobbyfirst-hope-farms-guinea-pig-balance-caviavoer-m-5400515004114-pps,https://cdn.petsplace.nl/media/mf_webp/jpg/media/catalog/product/cache/51683dc2574b5d5c6b813bcbcc9e3c67/1/0/9848_10046018_1.webp
Pets place,Knaagdier,Caviavoer,HobbyFirst Hope Farms,Hobbyfirst Hope Farms Guinea Pig Balance - Caviavoer - 5 kg,"30,95","30,95",0,Cavia,https://www.petsplace.nl/hobbyfirst-hope-farms-guinea-pig-balance-caviavoer-m-5400515004114-pps,https://cdn.petsplace.nl/media/mf_webp/jpg/media/catalog/product/cache/51683dc2574b5d5c6b813bcbcc9e3c67/1/0/9610_10046019_1.webp
Pets place,Knaagdier,Caviavoer,Supreme,Supreme Science Selective Guinea Pig Graanvrij - Caviavoer - 1.5 kg,"16,69","16,69",0,Cavia,https://www.petsplace.nl/supreme-science-selective-guinea-pig-graanvrij-caviavoer-730582000159-pps,https://cdn.petsplace.nl/media/mf_webp/jpg/media/catalog/product/cache/51683dc2574b5d5c6b813bcbcc9e3c67/3/4/6522_340634_1.webp
Pets place,Knaagdier,Caviavoer,Beaphar,Beaphar Care Plus Cavia - Caviavoer - 250 g,"3,85","3,85",0,Cavia,https://www.petsplace.nl/beaphar-care-plus-cavia-caviavoer-m-8711231184200-pps,https://cdn.petsplace.nl/media/mf_webp/jpg/media/catalog/product/cache/51683dc2574b5d5c6b813bcbcc9e3c67/1/8/6047_181613_1.webp
Pets place,Knaagdier,Caviavoer,Beaphar,Beaphar Care Plus Cavia - Caviavoer - 1.5 kg,"13,95","13,95",0,Cavia,https://www.petsplace.nl/beaphar-care-plus-cavia-caviavoer-m-8711231184200-pps,https://cdn.petsplace.nl/media/mf_webp/jpg/media/catalog/product/cache/51683dc2574b5d5c6b813bcbcc9e3c67/1/8/5589_181614_1.webp
Pets place,Knaagdier,Caviavoer,Beaphar,Beaphar Care Plus Cavia - Caviavoer - 5 kg,"34,95","34,95",0,Cavia,https://www.petsplace.nl/beaphar-care-plus-cavia-caviavoer-m-8711231184200-pps,https://cdn.petsplace.nl/media/mf_webp/jpg/media/catalog/product/cache/51683dc2574b5d5c6b813bcbcc9e3c67/1/8/4242_181615_1.webp
Pets place,Knaagdier,Caviavoer,Beaphar,Beaphar Care Plus Cavia - Caviavoer - 10 kg,"59,45","59,45",0,Cavia,https://www.petsplace.nl/beaphar-care-plus-cavia-caviavoer-m-8711231184200-pps,https://cdn.petsplace.nl/media/mf_webp/jpg/media/catalog/product/cache/51683dc2574b5d5c6b813bcbcc9e3c67/1/8/6018_181616_1.webp
Pets place,Knaagdier,Caviavoer,Vitakraft,Vitakraft Menu Vital Cavia - Caviavoer - 1 kg,"5,79","5,79",0,Cavia,https://www.petsplace.nl/vitakraft-menu-vital-cavia-caviavoer-m-4008239292209-pps,https://cdn.petsplace.nl/media/mf_webp/jpg/media/catalog/product/cache/51683dc2574b5d5c6b813bcbcc9e3c67/3/0/4931_30019626_1.webp
Pets place,Knaagdier,Caviavoer,Vitakraft,Vitakraft Menu Vital Cavia - Caviavoer - 3 kg,"15,99","15,99",0,Cavia,https://www.petsplace.nl/vitakraft-menu-vital-cavia-caviavoer-m-4008239292209-pps,https://cdn.petsplace.nl/media/mf_webp/jpg/media/catalog/product/cache/51683dc2574b5d5c6b813bcbcc9e3c67/3/0/7067_30019635_1.webp
Pets place,Knaagdier,Hamstervoer,Versele-Laga Crispy,Versele-Laga Crispy Muesli Hamsters & Co - Hamstervoer - 400 g,"1,79","1,79",0,Hamster,https://www.petsplace.nl/versele-laga-crispy-muesli-hamsters-co-hamstervoer-m-5410340617212-pps,https://cdn.petsplace.nl/media/mf_webp/jpg/media/catalog/product/cache/51683dc2574b5d5c6b813bcbcc9e3c67/1/8/6153_181554_1.webp
Pets place,Knaagdier,Hamstervoer,Versele-Laga Crispy,Versele-Laga Crispy Muesli Hamsters & Co - Hamstervoer - 1 kg Met Coccid,"4,29","4,29",0,Hamster,https://www.petsplace.nl/versele-laga-crispy-muesli-hamsters-co-hamstervoer-m-5410340617212-pps,https://cdn.petsplace.nl/media/mf_webp/jpg/media/catalog/product/cache/51683dc2574b5d5c6b813bcbcc9e3c67/1/0/6891_100746_1.webp
Pets place,Knaagdier,Hamstervoer,Versele-Laga Crispy,Versele-Laga Crispy Muesli Hamsters & Co - Hamstervoer - 2.75 kg,"10,99","10,99",0,Hamster,https://www.petsplace.nl/versele-laga-crispy-muesli-hamsters-co-hamstervoer-m-5410340617212-pps,https://cdn.petsplace.nl/media/mf_webp/jpg/media/catalog/product/cache/51683dc2574b5d5c6b813bcbcc9e3c67/1/8/6679_181555_1.webp
Pets place,Knaagdier,Hamstervoer,Versele-Laga Crispy,Versele-Laga Crispy Muesli Hamsters & Co - Hamstervoer - 20 kg,"38,45","38,45",0,Hamster,https://www.petsplace.nl/versele-laga-crispy-muesli-hamsters-co-hamstervoer-m-5410340617212-pps,https://cdn.petsplace.nl/media/mf_webp/jpg/media/catalog/product/cache/51683dc2574b5d5c6b813bcbcc9e3c67/1/8/4859_181556_1.webp
Pets place,Knaagdier,Hamstervoer,Versele-Laga Complete,Versele-Laga Complete Hamster & Gerbil - Hamstervoer - 500 g,"6,89","6,89",0,Hamster,https://www.petsplace.nl/versele-laga-complete-hamster-gerbil-hamstervoer-m-5410340612965-pps,https://cdn.petsplace.nl/media/mf_webp/jpg/media/catalog/product/cache/51683dc2574b5d5c6b813bcbcc9e3c67/1/8/1659_181598_1.webp
Pets place,Knaagdier,Hamstervoer,Versele-Laga Complete,Versele-Laga Complete Hamster & Gerbil - Hamstervoer - 2 kg,"21,55","21,55",0,Hamster,https://www.petsplace.nl/versele-laga-complete-hamster-gerbil-hamstervoer-m-5410340612965-pps,https://cdn.petsplace.nl/media/mf_webp/jpg/media/catalog/product/cache/51683dc2574b5d5c6b813bcbcc9e3c67/1/8/9881_182717_1.webp
Pets place,Knaagdier,Hamstervoer,Tiny Friends Farm,Tiny Friends Farm Harry Hamster Compleet - Hamstervoer - 700 g,"4,45","4,45",0,Hamster,https://www.petsplace.nl/tiny-friends-farm-harry-hamster-compleet-hamstervoer-m-5015622207886-pps,https://cdn.petsplace.nl/media/mf_webp/jpg/media/catalog/product/cache/51683dc2574b5d5c6b813bcbcc9e3c67/3/3/5905_330009_1.webp
Pets place,Knaagdier,Hamstervoer,Versele-Laga Nature,Versele-Laga Nature Hamster - Hamstervoer - 700 g,"6,99","6,99",0,Hamster,https://www.petsplace.nl/versele-laga-nature-hamster-hamstervoer-m-5410340614181-pps,https://cdn.petsplace.nl/media/mf_webp/jpg/media/catalog/product/cache/51683dc2574b5d5c6b813bcbcc9e3c67/1/0/9828_10025806_1.webp
Pets place,Knaagdier,Hamstervoer,Versele-Laga Nature,Versele-Laga Nature Hamster - Hamstervoer - 2.3 kg,"17,99","17,99",0,Hamster,https://www.petsplace.nl/versele-laga-nature-hamster-hamstervoer-m-5410340614181-pps,https://cdn.petsplace.nl/media/mf_webp/jpg/media/catalog/product/cache/51683dc2574b5d5c6b813bcbcc9e3c67/1/0/9713_10025805_1.webp
Pets place,Knaagdier,Hamstervoer,Beaphar,Beaphar Care Plus Dwerghamster - Hamstervoer - 250 g,"3,85","3,85",0,Hamster,https://www.petsplace.nl/beaphar-care-plus-dwerghamster-hamstervoer-m-8711231184170-pps,https://cdn.petsplace.nl/media/mf_webp/jpg/media/catalog/product/cache/51683dc2574b5d5c6b813bcbcc9e3c67/1/8/1907_181621_1.webp
Pets place,Knaagdier,Hamstervoer,Beaphar,Beaphar Care Plus Dwerghamster - Hamstervoer - 700 g,"9,50","9,50",0,Hamster,https://www.petsplace.nl/beaphar-care-plus-dwerghamster-hamstervoer-m-8711231184170-pps,https://cdn.petsplace.nl/media/mf_webp/jpg/media/catalog/product/cache/51683dc2574b5d5c6b813bcbcc9e3c67/1/8/1776_181622_1.webp
Pets place,Knaagdier,Hamstervoer,Beaphar,Beaphar Care Plus Hamster - Hamstervoer - 250 g,"3,85","3,85",0,Hamster,https://www.petsplace.nl/beaphar-care-plus-hamster-hamstervoer-m-8711231184231-pps,https://cdn.petsplace.nl/media/mf_webp/jpg/media/catalog/product/cache/51683dc2574b5d5c6b813bcbcc9e3c67/1/8/1813_181628_1.webp
Pets place,Knaagdier,Hamstervoer,Beaphar,Beaphar Care Plus Hamster - Hamstervoer - 700 g,"9,50","9,50",0,Hamster,https://www.petsplace.nl/beaphar-care-plus-hamster-hamstervoer-m-8711231184231-pps,https://cdn.petsplace.nl/media/mf_webp/jpg/media/catalog/product/cache/51683dc2574b5d5c6b813bcbcc9e3c67/1/8/6823_181627_1.webp
Pets place,Knaagdier,Hamstervoer,Versele-Laga Nature,Versele-Laga Nature Mini Hamster - Hamstervoer - 400 g,"5,49","5,49",0,Hamster,https://www.petsplace.nl/versele-laga-nature-mini-hamster-hamstervoer-5410340614204-pps,https://cdn.petsplace.nl/media/mf_webp/jpg/media/catalog/product/cache/51683dc2574b5d5c6b813bcbcc9e3c67/1/0/8193_10025807_1.webp
Pets place,Knaagdier,Hamstervoer,HobbyFirst Hope Farms,Hobbyfirst Hope Farms Hamster Granola - Hamstervoer - 800 g,"5,29","5,29",0,Hamster,https://www.petsplace.nl/hobbyfirst-hope-farms-hamster-granola-hamstervoer-5400515004220-pps,https://cdn.petsplace.nl/media/mf_webp/jpg/media/catalog/product/cache/51683dc2574b5d5c6b813bcbcc9e3c67/1/0/5870_10046077_1.webp
Pets place,Knaagdier,Hamstervoer,Vitakraft,Vitakraft Menu Vital Hamster - Hamstervoer - 1 kg,"5,59","5,59",0,Hamster,https://www.petsplace.nl/vitakraft-menu-vital-hamster-hamstervoer-4008239255846-pps,https://cdn.petsplace.nl/media/mf_webp/jpg/media/catalog/product/cache/51683dc2574b5d5c6b813bcbcc9e3c67/3/0/1351_30019628_1.webp
Pets place,Knaagdier,Hamstervoer,Versele-Laga Classic,Versele-Laga Classic Energy Haca Mix Hamster/Cavia - Hamstervoer - 20 kg,"22,19","22,19",0,Hamster,https://www.petsplace.nl/versele-laga-classic-energy-haca-mix-hamster-cavia-hamstervoer-5410340616093-pps,https://cdn.petsplace.nl/media/mf_webp/jpg/media/catalog/product/cache/51683dc2574b5d5c6b813bcbcc9e3c67/1/9/1016_199125_1.webp
Pets place,Knaagdier,Rattenvoeren,Supreme,Supreme Science Selective Rat - Rattenvoer - 1.5 kg,"13,29","13,29",0,Rat,https://www.petsplace.nl/supreme-science-selective-rat-rattenvoer-m-5015622208081-pps,https://cdn.petsplace.nl/media/mf_webp/jpg/media/catalog/product/cache/51683dc2574b5d5c6b813bcbcc9e3c67/3/0/9168_300253_1.webp
Pets place,Knaagdier,Rattenvoeren,Supreme,Supreme Science Selective Rat - Rattenvoer - 3 kg,"24,19","24,19",0,Rat,https://www.petsplace.nl/supreme-science-selective-rat-rattenvoer-m-5015622208081-pps,https://cdn.petsplace.nl/media/mf_webp/jpg/media/catalog/product/cache/51683dc2574b5d5c6b813bcbcc9e3c67/1/0/5393_10045417_1.webp
Pets place,Knaagdier,Rattenvoeren,Versele-Laga Complete,Versele-Laga Complete Rat & Mouse - Rattenvoer - 500 g,"6,89","6,89",0,Rat,https://www.petsplace.nl/versele-laga-complete-rat-mouse-rattenvoer-m-5410340612989-pps,https://cdn.petsplace.nl/media/mf_webp/jpg/media/catalog/product/cache/51683dc2574b5d5c6b813bcbcc9e3c67/1/8/7612_181605_1.webp
Pets place,Knaagdier,Rattenvoeren,Versele-Laga Complete,Versele-Laga Complete Rat & Mouse - Rattenvoer - 2 kg,"21,55","21,55",0,Rat,https://www.petsplace.nl/versele-laga-complete-rat-mouse-rattenvoer-m-5410340612989-pps,https://cdn.petsplace.nl/media/mf_webp/jpg/media/catalog/product/cache/51683dc2574b5d5c6b813bcbcc9e3c67/1/8/6503_182718_1.webp
Pets place,Knaagdier,Rattenvoeren,Versele-Laga Nature,Versele-Laga Nature Rat - Rattenvoer - 700 g,"7,29","7,29",0,Rat,https://www.petsplace.nl/versele-laga-nature-rat-rattenvoer-m-5410340614235-pps,https://cdn.petsplace.nl/media/mf_webp/jpg/media/catalog/product/cache/51683dc2574b5d5c6b813bcbcc9e3c67/1/0/7419_10025810_1.webp
Pets place,Knaagdier,Rattenvoeren,Versele-Laga Nature,Versele-Laga Nature Rat - Rattenvoer - 2.3 kg,"18,69","18,69",0,Rat,https://www.petsplace.nl/versele-laga-nature-rat-rattenvoer-m-5410340614235-pps,https://cdn.petsplace.nl/media/mf_webp/jpg/media/catalog/product/cache/51683dc2574b5d5c6b813bcbcc9e3c67/1/0/3143_10025809_1.webp
Pets place,Knaagdier,Rattenvoeren,Tiny Friends Farm,Tiny Friends Farm Reggie Rat & Mimi Mouse - Rattenvoer - 850 g,"5,99","5,99",0,Rat,https://www.petsplace.nl/tiny-friends-farm-reggie-rat-mimi-mouse-rattenvoer-m-5015622204700-pps,https://cdn.petsplace.nl/media/mf_webp/jpg/media/catalog/product/cache/51683dc2574b5d5c6b813bcbcc9e3c67/2/0/8863_200286_1.webp
Pets place,Knaagdier,Rattenvoeren,Tiny Friends Farm,Tiny Friends Farm Reggie Rat & Mimi Mouse - Rattenvoer - 2.5 kg,"15,99","15,99",0,Rat,https://www.petsplace.nl/tiny-friends-farm-reggie-rat-mimi-mouse-rattenvoer-m-5015622204700-pps,https://cdn.petsplace.nl/media/mf_webp/jpg/media/catalog/product/cache/51683dc2574b5d5c6b813bcbcc9e3c67/2/0/9539_200278_1.webp
Pets place,Knaagdier,Rattenvoeren,Tiny Friends Farm,Tiny Friends Farm Reggie Rat & Mimi Mouse - Rattenvoer - 12.5 kg,"56,45","56,45",0,Rat,https://www.petsplace.nl/tiny-friends-farm-reggie-rat-mimi-mouse-rattenvoer-m-5015622204700-pps,https://cdn.petsplace.nl/media/mf_webp/jpg/media/catalog/product/cache/51683dc2574b5d5c6b813bcbcc9e3c67/3/0/5202_300247_1.webp
Pets place,Knaagdier,Rattenvoeren,HobbyFirst Hope Farms,Hobbyfirst Hope Farms Mouse & Rat Granola - Rattenvoer - 800 g,"5,29","5,29",0,Rat,https://www.petsplace.nl/hobbyfirst-hope-farms-mouse-rat-granola-rattenvoer-5400515004237-pps,https://cdn.petsplace.nl/media/mf_webp/jpg/media/catalog/product/cache/51683dc2574b5d5c6b813bcbcc9e3c67/1/0/2183_10046079_1.webp
Pets place,Knaagdier,Rattenvoeren,Beaphar,Beaphar Care Plus Rat - Rattenvoer - 250 g,"3,85","3,85",0,Rat,https://www.petsplace.nl/beaphar-care-plus-rat-rattenvoer-m-8711231184255-pps,https://cdn.petsplace.nl/media/mf_webp/jpg/media/catalog/product/cache/51683dc2574b5d5c6b813bcbcc9e3c67/1/8/8977_181639_1.webp
Pets place,Knaagdier,Rattenvoeren,Beaphar,Beaphar Care Plus Rat - Rattenvoer - 700 g,"9,50","9,50",0,Rat,https://www.petsplace.nl/beaphar-care-plus-rat-rattenvoer-m-8711231184255-pps,https://cdn.petsplace.nl/media/mf_webp/jpg/media/catalog/product/cache/51683dc2574b5d5c6b813bcbcc9e3c67/1/8/6031_181638_1.webp
Pets place,Knaagdier,Rattenvoeren,Beaphar,Beaphar Care Plus Rat - Rattenvoer - 1.5 kg,"14,15","14,15",0,Rat,https://www.petsplace.nl/beaphar-care-plus-rat-rattenvoer-m-8711231184255-pps,https://cdn.petsplace.nl/media/mf_webp/jpg/media/catalog/product/cache/51683dc2574b5d5c6b813bcbcc9e3c67/1/8/7872_181640_1.webp
Pets place,Knaagdier,Rattenvoeren,Versele-Laga Crispy,Versele-Laga Crispy Pellets Rat & Muis - Rattenvoer - 1 kg per stuk,"5,79","5,79",0,Rat,https://www.petsplace.nl/versele-laga-crispy-pellets-rat-muis-rattenvoer-5410340615201-pps,https://cdn.petsplace.nl/media/mf_webp/jpg/media/catalog/product/cache/51683dc2574b5d5c6b813bcbcc9e3c67/1/0/5355_10045457_1.webp
Pets place,Knaagdier,Rattenvoeren,Vitakraft,Vitakraft Menu Vital Ratten - Rattenvoer - 1 kg,"7,19","7,19",0,Rat,https://www.petsplace.nl/vitakraft-menu-vital-ratten-rattenvoer-4008239256577-pps,https://cdn.petsplace.nl/media/mf_webp/jpg/media/catalog/product/cache/51683dc2574b5d5c6b813bcbcc9e3c67/3/0/7359_30019627_1.webp
Pets place,Knaagdier,Rattenvoeren,Pets Place,Pets Place Rat/Muis Luxe Menu Premium - Rattenvoer - 800 g,"3,79","3,79",0,Rat,https://www.petsplace.nl/pets-place-rat-muis-luxe-menu-premium-rattenvoer-8711621927707-pps,https://cdn.petsplace.nl/media/mf_webp/jpg/media/catalog/product/cache/51683dc2574b5d5c6b813bcbcc9e3c67/2/0/9936_200617_1.webp
Pets place,Knaagdier,Rattenvoeren,Versele-Laga Crispy,Versele-Laga Crispy Pellets Rat & Muis - Rattenvoer - 20 kg,"39,45","39,45",0,Rat,https://www.petsplace.nl/versele-laga-crispy-pellets-rat-muis-rattenvoer-m-5410340615089-pps,https://cdn.petsplace.nl/media/mf_webp/jpg/media/catalog/product/cache/51683dc2574b5d5c6b813bcbcc9e3c67/1/8/2844_181567_1.webp
